original_index,Camptothecin,Vinblastine,Cisplatin,Cytarabine,Docetaxel,Gefitinib,Navitoclax,Vorinostat,Nilotinib,Olaparib,Axitinib,AZD7762,SB216763,KU-55933,Afatinib,Staurosporine,PLX-4720,NU7441,Doramapimod,Wee1 Inhibitor,Nutlin-3a (-),Mirin,PD173074,ZM447439,Alisertib,RO-3306,MK-2206,Palbociclib,Dactolisib,Pictilisib,AZD8055,PD0325901,Obatoclax Mesylate,5-Fluorouracil,Dasatinib,Paclitaxel,Crizotinib,Rapamycin,Sorafenib,BI-2536,Irinotecan,Oxaliplatin,BMS-536924,GSK1904529A,Tozasertib,PF-4708671,PRIMA-1MET,Erlotinib,Niraparib,MK-1775,Dinaciclib,Gemcitabine,Bortezomib,GSK269962A,SB505124,Tamoxifen,Fulvestrant,EPZ004777,YK-4-279,Daporinad,BMS-345541,AZ960,Talazoparib,XAV939,Trametinib,Dabrafenib,Temozolomide,AZD5438,IAP_5620,AZD2014,AZD1208,AZD1332,Ruxolitinib,Linsitinib,Epirubicin,Cyclophosphamide,Pevonedistat,Sapitinib,Uprosertib,LCL161,Lapatinib,Luminespib,Alpelisib,Taselisib,EPZ5676,SCH772984,IWP-2,Leflunomide,Entinostat,OSI-027,LGK974,VE-822,WZ4003,CZC24832,AZD5582,GSK2606414,PFI3,PCI-34051,Wnt-C59,I-BET-762,RVX-208,OTX015,GSK343,ML323,Entospletinib,PRT062607,Ribociclib,AGI-6780,Picolinici-acid,AZD5153,CDK9_5576,CDK9_5038,Eg5_9814,ERK_2440,ERK_6604,IRAK4_4710,JAK1_8709,AZD5991,PAK_5339,TAF1_5496,ULK1_4989,VSP34_8731,Selumetinib,IGF1R_3801,JAK_8517,AZD4547,Ibrutinib,Zoledronate,Acetalax,Carmustine,Topotecan,Teniposide,Mitoxantrone,Dactinomycin,Fludarabine,Nelarabine,Vincristine,Podophyllotoxin bromide,Dihydrorotenone,Gallibiscoquinazole,Elephantin,Sinularin,Sabutoclax,LY2109761,OF-1,MN-64,KRAS (G12C) Inhibitor-12,MG-132,BDP-00009066,Buparlisib,Ulixertinib,Venetoclax,ABT737,Afuresertib,AGI-5198,AZD3759,AZD5363,AZD6738,AZD8186,Osimertinib,Cediranib,Ipatasertib,GDC0810,GNE-317,GSK2578215A,I-BRD9,Telomerase Inhibitor IX,MIRA-1,NVP-ADW742,P22077,Savolitinib,UMI-77,WIKI4,Sepantronium bromide,MIM1,WEHI-539,BPD-00008900,Foretinib,BIBR-1532,Pyridostatin,AMG-319,MK-8776,Vinorelbine,VX-11e,LJI308,AZ6102,GSK591,VE821,AZD6482,AT13148,BMS-754807,JQ1,Cetuximab,Doxorubicin,Etoposide,Bleomycin,Bicalutamide,Bleomycin (50 uM),Pemetrexed,AICA Ribonucleotide
TM001_PDX1_F1,0.7652273,0.6449124,0.9282544,0.89189756,0.62960213,0.9597277,0.73343223,0.7712607,0.9406292,0.9472268,0.8865602,0.6582741,0.9431477,0.91443557,0.85299194,0.33108848,0.9442249,0.7116539,0.93422794,0.7918912,0.9373081,0.85751927,0.9596345,0.83283687,0.84014034,0.8383782,0.8738031,0.85872144,0.7950492,0.79071957,0.7587984,0.9053922,0.7295683,0.846537,0.88779587,0.8741562,0.96158546,0.883653,0.77617806,0.42493165,0.8086673,0.8777992,0.8348054,0.9533728,0.9193341,0.8710057,0.90200454,0.94063777,0.9470082,0.7664178,0.54133856,0.67131025,0.7552809,0.898231,0.8244848,0.9166693,0.9657797,0.9772204,0.7190282,0.72703266,0.89248747,0.7968764,0.8226933,0.9572525,0.81081617,0.90979457,0.9512,0.7726694,0.9281628,0.71272117,0.97106606,0.91976136,0.96349216,0.94626814,0.562118,0.97077405,0.6583536,0.9436447,0.84572256,0.96246,0.85573494,0.658383,0.9475195,0.8324777,0.9643277,0.90789014,0.9682598,0.8597338,0.7807681,0.9370687,0.94357044,0.901504,0.9203982,0.97525525,0.7688212,0.88468975,0.9724811,0.9524722,0.94082016,0.8619532,0.95052016,0.7451434,0.9719398,0.9355647,0.9356478,0.9042743,0.96510756,0.9401358,0.98218924,0.6622246,0.5353607,0.43981442,0.7624235,0.8277438,0.8949627,0.96358395,0.9199713,0.7877884,0.7516757,0.89003056,0.63493764,0.696699,0.9107888,0.7635159,0.8556299,0.9707579,0.9386888,0.9786726,0.84336185,0.9695678,0.6551988,0.7158427,0.71546775,0.59200996,0.88387114,0.97772115,0.4204677,0.78463775,0.85781324,0.9683064,0.846017,0.95668447,0.61847156,0.9656196,0.92463803,0.9661474,0.9192441,0.43958586,0.8163908,0.69569594,0.904343,0.9177789,0.74673903,0.78640807,0.95839536,0.9695937,0.86396694,0.8083369,0.8499399,0.9406083,0.8737399,0.89160794,0.96978986,0.5790224,0.96906585,0.9442665,0.6329408,0.9684958,0.8654459,0.9322777,0.95157975,0.90167326,0.92596126,0.16065776,0.9308729,0.88443434,0.94640636,0.5901783,0.9522458,0.9056439,0.95795363,0.8889227,0.75738394,0.8114192,0.9599264,0.9047716,0.9577586,0.9132681,0.89423585,0.89890546,0.72975403,0.66435546,0.9595389,0.48941246,0.70616394,0.38505965,0.96520793,0.6441603,0.9021676,0.80412596
TM002_PDX4_F1,0.7457498,0.6639209,0.8754747,0.82712156,0.643916,0.91336715,0.79199123,0.7539588,0.9107309,0.9045457,0.8508192,0.64662397,0.91153747,0.883551,0.78022397,0.39476928,0.9234746,0.8037364,0.9050131,0.7558828,0.91400397,0.772746,0.95569545,0.7865408,0.8390205,0.83662885,0.8333204,0.8649821,0.75082135,0.72341335,0.81042403,0.9100082,0.6974346,0.86666465,0.8276042,0.8096568,0.9535461,0.8712068,0.7960876,0.5790586,0.7610986,0.88383365,0.80441624,0.9204443,0.82417005,0.8564234,0.8570898,0.87710613,0.9003807,0.62626463,0.4715963,0.58298373,0.6956218,0.87452275,0.7637434,0.884238,0.92643565,0.9365463,0.6713378,0.64886624,0.8745029,0.7159014,0.7957209,0.9278108,0.88297254,0.930869,0.91454375,0.780217,0.89245206,0.77491903,0.94867986,0.8906854,0.9177119,0.8951027,0.6867605,0.94870496,0.5585036,0.8639982,0.7575709,0.9130284,0.8145305,0.54636025,0.85347426,0.75890857,0.97022915,0.8817767,0.94686055,0.8471486,0.8252933,0.8805144,0.9278557,0.8740169,0.86665875,0.9356225,0.6971516,0.8720922,0.9495873,0.9151686,0.9196752,0.8285779,0.9322513,0.7581843,0.9376251,0.8874273,0.87038666,0.824998,0.9321718,0.904046,0.9445352,0.75917804,0.5312071,0.3857195,0.6630908,0.8242434,0.9107899,0.93956965,0.8806131,0.77965605,0.67683583,0.87966645,0.57274526,0.6761195,0.90004814,0.70819044,0.83898586,0.9416823,0.8822461,0.9586087,0.778929,0.9267138,0.62175286,0.64531004,0.68377423,0.5829356,0.87073195,0.9420047,0.3774437,0.66580594,0.78994924,0.9340049,0.79940367,0.92121917,0.47408408,0.93558836,0.8898556,0.9298895,0.81410444,0.47325912,0.78955704,0.682997,0.8906245,0.9118312,0.7970404,0.8030619,0.9221966,0.93217224,0.77340084,0.7446982,0.81943905,0.8866172,0.7499728,0.8093987,0.9227348,0.6932894,0.9335478,0.91612285,0.59050095,0.9483983,0.8388161,0.9095476,0.91779447,0.808497,0.90962416,0.17476806,0.87075126,0.8365096,0.9204858,0.65502065,0.9413949,0.8497556,0.940672,0.8422651,0.6150059,0.8649026,0.94356817,0.84893584,0.92822754,0.8963243,0.86219764,0.88986295,0.66604584,0.7539044,0.8984509,0.42756307,0.5987617,0.5463462,0.94347686,0.3552872,0.8383201,0.72791564
TM003_PDX5_F3,0.70575696,0.71735686,0.7867637,0.74437964,0.7231952,0.8416868,0.62639785,0.63949054,0.81102157,0.8236335,0.7157721,0.6216387,0.7917479,0.73504996,0.6873407,0.5256408,0.7779348,0.69175,0.7527812,0.69845474,0.78195935,0.72244644,0.8320646,0.61240655,0.7780127,0.7119485,0.7759867,0.773938,0.71059036,0.7195999,0.7403691,0.7504491,0.6588266,0.78255296,0.7770796,0.8341735,0.8299138,0.7810916,0.7042265,0.5395437,0.71831036,0.7856007,0.6793056,0.8293692,0.72465104,0.7166226,0.7622629,0.81118214,0.77654237,0.6510247,0.62261283,0.66541296,0.6555362,0.69586414,0.678047,0.74187267,0.8221103,0.8316885,0.7165861,0.5967852,0.76714164,0.71183556,0.7229851,0.7884135,0.6505211,0.7660788,0.8065634,0.750596,0.8300885,0.70905316,0.8353307,0.75972944,0.8139218,0.7418707,0.6757995,0.8213391,0.68899536,0.81125927,0.74845695,0.835092,0.7677482,0.66567963,0.80516005,0.7494955,0.86593276,0.70206285,0.8109876,0.705033,0.6541217,0.8556708,0.80136687,0.8032407,0.7761203,0.8303298,0.747451,0.78326154,0.8385779,0.79586524,0.7845108,0.7179661,0.8113487,0.7161713,0.8229782,0.7753722,0.75272346,0.72685766,0.7673653,0.7852124,0.8195539,0.66990113,0.61750996,0.6338784,0.6926079,0.68287855,0.69744444,0.82667994,0.7803264,0.785352,0.6867587,0.78092545,0.69845104,0.66989255,0.7083252,0.7240606,0.74820244,0.8119177,0.8253028,0.84666204,0.8112851,0.83682126,0.6516932,0.6947325,0.65959764,0.64308494,0.76242924,0.8209076,0.66715455,0.7101763,0.67344403,0.8398403,0.7602643,0.80531317,0.59822196,0.85039943,0.7809865,0.8189829,0.7803526,0.5470552,0.72380036,0.65755004,0.69302046,0.75828123,0.6516765,0.7292579,0.8272008,0.8327976,0.77783585,0.698163,0.74752396,0.79499257,0.6863548,0.77815425,0.8419512,0.66381985,0.836833,0.78136826,0.66535467,0.842949,0.6723081,0.7980084,0.8240688,0.6989825,0.78110754,0.40887418,0.7811155,0.72282135,0.79948467,0.6216215,0.8263442,0.75737965,0.8082354,0.77032804,0.74074614,0.679973,0.8214714,0.71111476,0.8196763,0.80355334,0.7606638,0.7822169,0.56490785,0.6324693,0.8142813,0.59457904,0.6675623,0.6370163,0.84305286,0.67484343,0.79371375,0.72966534
TM003_PDX5_F3,0.71609527,0.74131393,0.77654195,0.7521005,0.72342587,0.8464549,0.6284125,0.6567329,0.84096634,0.8437245,0.7375644,0.6245862,0.8106766,0.7549765,0.7144783,0.53423035,0.7880113,0.707702,0.76373655,0.7251457,0.78906095,0.75798887,0.83832073,0.63675517,0.7923652,0.74037415,0.76788795,0.7894637,0.7260421,0.7254133,0.7308549,0.7753292,0.65566075,0.8061704,0.7960792,0.84710205,0.8354518,0.8075265,0.71276844,0.5479761,0.7317543,0.8032329,0.6742601,0.8339667,0.75936127,0.729411,0.7671015,0.81313545,0.7824647,0.6413278,0.66009396,0.67680824,0.68995804,0.7008227,0.6834682,0.7543796,0.83297527,0.85489625,0.7452986,0.6137513,0.7721398,0.7172196,0.7364584,0.8009638,0.6622059,0.7904445,0.8345714,0.7664286,0.8452833,0.7116871,0.8373079,0.76651424,0.82056373,0.7526944,0.6816405,0.83427006,0.6683968,0.8226398,0.7463258,0.843798,0.7677774,0.6840646,0.8117927,0.7573712,0.8796433,0.7436004,0.8486389,0.70184815,0.6707407,0.8709778,0.8023349,0.8109774,0.7901015,0.8454899,0.76866055,0.7958551,0.84334624,0.81027293,0.80186963,0.73102856,0.8245118,0.72420627,0.84189767,0.79597044,0.76636624,0.7356786,0.7813661,0.7959848,0.82382697,0.6821894,0.64958173,0.6586613,0.7324707,0.70810926,0.72656167,0.8378921,0.79626805,0.78463095,0.68277097,0.7925827,0.7020851,0.675395,0.7379406,0.7220805,0.76490337,0.81512845,0.8385438,0.85398847,0.81637144,0.8384106,0.66550887,0.69206893,0.695939,0.672747,0.78187114,0.82705593,0.6823651,0.7423358,0.69665784,0.84316033,0.79719436,0.81817687,0.6007009,0.8580201,0.79206645,0.8268809,0.78766793,0.54918647,0.73779684,0.65991515,0.70982194,0.78666866,0.6698259,0.74450934,0.8311088,0.84266645,0.77888584,0.70922256,0.74403524,0.80355483,0.7149707,0.78819656,0.85177857,0.68049,0.8430004,0.80575216,0.675317,0.8535672,0.7010201,0.812347,0.83147275,0.71265286,0.7785846,0.41613483,0.79446125,0.73646194,0.81119114,0.6392474,0.837263,0.7435559,0.8275727,0.7870297,0.7419527,0.6932752,0.8293962,0.7123435,0.8217711,0.81547743,0.7777794,0.7858056,0.52297026,0.6718182,0.81904674,0.6067889,0.68654525,0.6470552,0.859555,0.6787845,0.8163699,0.7653815
TM003_PDX5_F3,0.72592175,0.71737945,0.7864618,0.7761395,0.7215007,0.8294184,0.6615766,0.65638053,0.8211667,0.83598876,0.72831404,0.623526,0.80401623,0.7463208,0.70732635,0.5413197,0.7810942,0.7048232,0.7548022,0.72082394,0.78768444,0.73910666,0.8267079,0.6302742,0.7814354,0.72915524,0.75783646,0.7885252,0.7165435,0.7029305,0.7256874,0.7393871,0.67440116,0.7819902,0.77431136,0.8322427,0.8284028,0.7781323,0.7175443,0.5679696,0.7435549,0.80855393,0.6657669,0.83606184,0.7464829,0.730556,0.7652295,0.8083633,0.79006946,0.6582112,0.64546436,0.68517196,0.6584729,0.71062636,0.6730323,0.74650955,0.82031167,0.83467084,0.72632635,0.6230047,0.7552633,0.7171401,0.74633396,0.7994078,0.62471026,0.7819533,0.8149466,0.74906266,0.8333793,0.7129714,0.82157,0.74907637,0.8096461,0.7434554,0.680661,0.8182602,0.69065475,0.79054856,0.7412492,0.8260072,0.7471385,0.6808233,0.7892143,0.73467445,0.8609304,0.6932698,0.8122516,0.7074087,0.6653062,0.8481994,0.7841124,0.80502874,0.77941406,0.8276708,0.7694052,0.7986976,0.8397876,0.7933099,0.79868484,0.72822684,0.81089985,0.7259801,0.8278141,0.7682931,0.74479985,0.72531265,0.7651567,0.7751341,0.8048584,0.68583065,0.6317376,0.64421844,0.6927426,0.6767502,0.70433193,0.82008946,0.7666699,0.7854915,0.6776954,0.7742588,0.7031265,0.6801195,0.7002889,0.73395187,0.7632103,0.81201565,0.81948936,0.8411984,0.77030927,0.8352765,0.6630541,0.715647,0.69226074,0.6509841,0.7836465,0.8266942,0.7046536,0.73548216,0.68435377,0.820793,0.77183974,0.8083058,0.62347996,0.83942795,0.7782309,0.8116493,0.79515386,0.55780286,0.74072826,0.6813078,0.6977975,0.77675694,0.66934174,0.729933,0.83014965,0.8150513,0.76759726,0.7127827,0.74401623,0.790447,0.70590526,0.77187616,0.8370003,0.65055203,0.8314186,0.80165684,0.6770396,0.84317565,0.6876192,0.80047905,0.82919353,0.701203,0.7740643,0.40372717,0.78675514,0.75297135,0.8000133,0.63478154,0.8301179,0.7486058,0.8162004,0.7897634,0.73004556,0.68270653,0.81953245,0.71526676,0.80872875,0.8137663,0.7355492,0.7673398,0.56399137,0.6361466,0.7882091,0.5819629,0.6787584,0.6301657,0.8382878,0.67620355,0.8030285,0.74049217
TM003_PDX5_F4,0.65559155,0.5746598,0.7896144,0.7536006,0.5405355,0.86582637,0.6578999,0.6529806,0.81697524,0.7958024,0.7159564,0.5599369,0.80580956,0.75551575,0.71160924,0.46556935,0.8037628,0.65992874,0.7998407,0.64557904,0.77031964,0.68416905,0.83913565,0.677877,0.68659127,0.6807288,0.732877,0.715634,0.6534352,0.66211903,0.6174139,0.75290954,0.57218015,0.7353428,0.80744797,0.7530824,0.8337979,0.77238303,0.66385543,0.4534007,0.6525059,0.76996475,0.68056685,0.8231332,0.7196844,0.72263587,0.7197464,0.8589731,0.76285934,0.5890162,0.52420986,0.56874216,0.63372445,0.6896933,0.6694374,0.74975157,0.8223632,0.87005305,0.66372025,0.57380843,0.74436325,0.66545165,0.6649641,0.83285457,0.64859253,0.7671987,0.8331752,0.6450976,0.8450038,0.6634978,0.8549618,0.7085045,0.83717525,0.7679385,0.606449,0.8398618,0.53236634,0.85680896,0.7009571,0.8478146,0.7418019,0.601596,0.8104255,0.72069836,0.8629003,0.72088104,0.86655164,0.72406125,0.6513721,0.84830946,0.78606826,0.75414836,0.7579634,0.870404,0.68856215,0.76307553,0.8583867,0.7945953,0.7941611,0.7295571,0.8498129,0.6553073,0.8625282,0.7904767,0.7602198,0.68411803,0.8364442,0.78074706,0.8597279,0.641503,0.53184533,0.48422515,0.64694417,0.677059,0.7016772,0.82341886,0.76781964,0.6912535,0.6262086,0.74058574,0.6250647,0.590981,0.769907,0.64112973,0.726275,0.8209693,0.8243172,0.86377364,0.80382323,0.84832525,0.5709746,0.5810171,0.6020576,0.57403886,0.7623189,0.8580334,0.44489807,0.66062707,0.72142166,0.8443024,0.6952679,0.84707487,0.49583715,0.84108275,0.7798422,0.81602865,0.7505576,0.4650089,0.7349021,0.62888086,0.6841415,0.7455331,0.58575016,0.71702117,0.8535942,0.8539854,0.7441478,0.67243886,0.7273358,0.8103554,0.68318707,0.7379271,0.8535707,0.60795933,0.8438038,0.79809487,0.5556671,0.85646194,0.7086885,0.7883542,0.8613986,0.73287934,0.7922711,0.3048333,0.77676433,0.72601926,0.8208775,0.59710974,0.82155263,0.75967854,0.828327,0.7335179,0.61586845,0.6777367,0.8460019,0.6863295,0.7978186,0.77210873,0.73262084,0.741126,0.53277,0.60757476,0.84795105,0.5108782,0.55933785,0.5916718,0.82728225,0.61413115,0.76985395,0.7259879
TM004_PDX7_F1,0.74907273,0.6414258,0.83712065,0.8352447,0.6344092,0.8576193,0.69027716,0.7146884,0.86536604,0.84738094,0.7747523,0.63086927,0.8807955,0.8487768,0.7290953,0.44933814,0.8758303,0.7061592,0.84977365,0.7289203,0.88858795,0.74570584,0.87737584,0.7069539,0.8135307,0.75970393,0.780639,0.8559669,0.76050854,0.6909215,0.7716299,0.84601927,0.71138626,0.83391905,0.81230503,0.80976635,0.8786445,0.83484846,0.72008556,0.5513999,0.77253366,0.8429618,0.7266873,0.8476941,0.8044872,0.82351255,0.80695367,0.834886,0.8417811,0.653309,0.58453554,0.7114468,0.7061545,0.76122236,0.7397492,0.8344218,0.8835464,0.90215516,0.6983878,0.6004714,0.8168452,0.709379,0.80510616,0.86194175,0.8137692,0.90163827,0.87093765,0.76257986,0.86192787,0.7612564,0.8740582,0.8045089,0.8782518,0.79246575,0.7299257,0.8961436,0.6384659,0.81742984,0.7573752,0.85623974,0.7542902,0.66584027,0.8187001,0.74113435,0.9065692,0.7906156,0.8843846,0.80782634,0.65901107,0.8598753,0.83617926,0.8268698,0.81829506,0.8770543,0.66285414,0.82153904,0.91404706,0.87116843,0.84009594,0.79002446,0.887684,0.7413919,0.9072247,0.82046753,0.8373007,0.7787798,0.85866284,0.83730507,0.89966273,0.685997,0.5274611,0.4717855,0.6704253,0.77321684,0.82364833,0.89125824,0.8322612,0.7787011,0.67129743,0.7484516,0.6320141,0.6605877,0.86306834,0.74378204,0.78145474,0.88417906,0.81908864,0.9200256,0.7191945,0.8813469,0.65109336,0.717451,0.74235564,0.63678277,0.8486508,0.89547706,0.53557897,0.69860244,0.747765,0.89301664,0.73815626,0.8732091,0.58041173,0.87107,0.80885726,0.86129326,0.8033954,0.511818,0.78382725,0.6740127,0.796862,0.84289724,0.6784339,0.7626802,0.87111026,0.88964623,0.76960737,0.7450639,0.8054172,0.84049255,0.73009306,0.8008874,0.88582563,0.6677201,0.8740169,0.8409284,0.6500316,0.88793486,0.7581851,0.8491843,0.8740079,0.75418484,0.8196641,0.33447647,0.86294055,0.7396216,0.85453284,0.6488847,0.88206834,0.8122798,0.8826245,0.79908794,0.688575,0.810136,0.9081779,0.76312035,0.8857336,0.8251193,0.74168533,0.82246614,0.65715003,0.6702258,0.85634315,0.5706543,0.6914877,0.561288,0.8663199,0.69665205,0.8328382,0.7155389
TM005_PDX8_F1,0.70720106,0.67987317,0.7579894,0.75259316,0.6273889,0.7919291,0.64986044,0.6627301,0.7788957,0.7972664,0.69511795,0.58089304,0.81668526,0.73215944,0.6785466,0.5252556,0.77968746,0.6436522,0.7433404,0.67270124,0.7565183,0.711303,0.8126842,0.6858966,0.739821,0.748929,0.7080803,0.75253934,0.6635927,0.6450302,0.66125363,0.7153645,0.6487939,0.7282748,0.7172141,0.757648,0.78639233,0.72998154,0.7081925,0.49213463,0.7190425,0.77029145,0.6960306,0.7811645,0.7300996,0.7271168,0.72704667,0.77738166,0.8063124,0.61613625,0.59416324,0.63484347,0.6160339,0.73281395,0.68751717,0.74389935,0.80017227,0.8233419,0.649456,0.6384855,0.75834477,0.7179949,0.7348126,0.79011804,0.6826581,0.74705917,0.7972612,0.693605,0.80592895,0.676212,0.83196896,0.7534865,0.82177216,0.7725583,0.6258101,0.8207968,0.60202444,0.7403432,0.7260609,0.8071186,0.68533665,0.6634284,0.7479515,0.69162965,0.8228341,0.6846943,0.8361871,0.7085995,0.6674614,0.7700504,0.749233,0.79313534,0.7554736,0.82134163,0.64560074,0.7510902,0.8252174,0.7938803,0.7912568,0.7167477,0.8155633,0.67547375,0.8100287,0.7541735,0.77496654,0.6950764,0.8094829,0.7979434,0.8082138,0.6490724,0.57319504,0.57959414,0.62193465,0.72442305,0.7362251,0.79569656,0.75470775,0.777209,0.6541449,0.74547255,0.6390894,0.6213925,0.7435517,0.69104826,0.7144612,0.81511825,0.7508897,0.8476338,0.68952435,0.8043468,0.62919676,0.70304227,0.7050723,0.5645144,0.76208365,0.8400244,0.578853,0.66291785,0.7193808,0.80470973,0.7342509,0.81336147,0.57348686,0.8154845,0.7643038,0.79121155,0.7730261,0.533895,0.7177413,0.6376919,0.69277257,0.79693836,0.6360027,0.70001626,0.7890749,0.8111137,0.71913445,0.6728974,0.7088266,0.75167227,0.6776512,0.71528816,0.80672085,0.6196375,0.811038,0.7770258,0.62569237,0.82752585,0.7183105,0.77736866,0.7845683,0.7321688,0.7521498,0.33630583,0.7549734,0.71842,0.77274376,0.6264562,0.8271393,0.74964124,0.78702915,0.7331844,0.65891266,0.7267081,0.8054244,0.66774654,0.8060647,0.77106553,0.7191293,0.73798865,0.5527471,0.67219955,0.7791815,0.5367161,0.6896962,0.6024401,0.8157279,0.64832073,0.785899,0.6786728
TM005_PDX8_F5,0.7511112,0.66514874,0.81334317,0.7730191,0.6532931,0.84620637,0.7235735,0.71329695,0.85051924,0.87010413,0.7447368,0.61734176,0.8732176,0.8076273,0.707074,0.5203088,0.8515832,0.71099585,0.8386291,0.7135263,0.8362401,0.7467676,0.90075636,0.698885,0.8027149,0.76208526,0.7730451,0.8165286,0.7161091,0.6944938,0.71739095,0.77590513,0.700767,0.78768945,0.75185615,0.8416091,0.83938056,0.79138184,0.76748836,0.45195776,0.76570874,0.8231979,0.74603623,0.8608165,0.8069243,0.7546105,0.80003935,0.82577366,0.8543382,0.64333373,0.61180687,0.6395598,0.6344059,0.7891304,0.7306822,0.80521446,0.86119956,0.88382155,0.6867372,0.6376662,0.8354439,0.75612193,0.77283657,0.860336,0.6744423,0.80593354,0.8604071,0.75639164,0.86716706,0.7250516,0.8854768,0.8128186,0.8772428,0.8272035,0.684153,0.8788183,0.6325953,0.80828774,0.80380124,0.8565326,0.7424617,0.6764511,0.84237206,0.743778,0.9063282,0.7067769,0.8853355,0.79445237,0.7026174,0.84789044,0.8360104,0.85353404,0.8023464,0.8715369,0.7140008,0.81458706,0.87780386,0.8677616,0.8502173,0.7818985,0.881275,0.7375145,0.8849136,0.8156908,0.8319239,0.7899791,0.8679811,0.8445418,0.86262906,0.6663449,0.6234579,0.60462683,0.66497755,0.75067395,0.7533053,0.86311585,0.8380416,0.83714545,0.6840975,0.8073773,0.70722187,0.6798416,0.7652319,0.72244096,0.80994785,0.8811636,0.793587,0.901286,0.77483153,0.8526402,0.70446134,0.7399559,0.7463853,0.60036325,0.83214325,0.87978184,0.63268495,0.70890015,0.7667314,0.8591789,0.7869571,0.8556854,0.5788105,0.8838054,0.820263,0.8600166,0.8352488,0.49165154,0.7388449,0.6524754,0.7413112,0.86332333,0.732537,0.751196,0.8679574,0.84538245,0.7942088,0.70236003,0.7710404,0.83064526,0.7275215,0.79289097,0.8907707,0.6552945,0.8953433,0.8445358,0.6299738,0.89905334,0.7802001,0.85816044,0.83607495,0.79196954,0.830396,0.31121,0.842143,0.79127514,0.84785444,0.6654608,0.8842845,0.796977,0.86249065,0.7998641,0.6879459,0.7093637,0.8722176,0.7352033,0.8568076,0.83010525,0.75635463,0.78089315,0.60090435,0.71620786,0.8188744,0.49847126,0.6892665,0.52637696,0.87667906,0.61713845,0.8363097,0.73702145
TM006_PDX9_F1,0.73863125,0.6964523,0.854346,0.8157562,0.62527794,0.8625201,0.6615143,0.6916668,0.84425044,0.8599566,0.79178834,0.65694016,0.8995942,0.8414094,0.7495436,0.5183771,0.86684614,0.7015961,0.8472309,0.7276203,0.8491223,0.75213,0.8679167,0.7313964,0.7903294,0.75545865,0.78918153,0.82747954,0.7022813,0.6712635,0.67014825,0.830164,0.65387994,0.7980505,0.825264,0.8013394,0.86372304,0.8448321,0.6926655,0.5188946,0.77658963,0.7974115,0.6654674,0.8537282,0.82826096,0.8196728,0.7763583,0.88204724,0.84971035,0.67529964,0.59479684,0.72112745,0.6988306,0.77559346,0.7035695,0.82188076,0.87821007,0.9075614,0.7298477,0.5889652,0.81635636,0.758737,0.7967699,0.8309591,0.71285534,0.84729695,0.9000865,0.74065924,0.87099165,0.72805756,0.90125763,0.80521256,0.87191075,0.80764586,0.690563,0.8793353,0.6558037,0.82722074,0.7609614,0.880487,0.7541432,0.66897666,0.83522004,0.7548223,0.89392453,0.74490666,0.89194447,0.73924524,0.71535325,0.85300756,0.823842,0.833833,0.8078631,0.9095048,0.7190693,0.8159793,0.91550934,0.86689985,0.8251678,0.7666719,0.88384277,0.7032202,0.8875891,0.8117195,0.8194069,0.76044935,0.8925059,0.8250622,0.8819776,0.70664275,0.5611736,0.5888424,0.709924,0.75331104,0.7783146,0.8703848,0.8069699,0.7740849,0.6853729,0.7719502,0.67368954,0.62375844,0.7975678,0.7217053,0.79717374,0.8619566,0.8512288,0.9109364,0.72451264,0.88767797,0.69816726,0.6905008,0.6673964,0.63191825,0.80961406,0.91518307,0.5772397,0.7403856,0.7435238,0.8779651,0.74037445,0.8928123,0.5354862,0.8704274,0.8078172,0.8675189,0.8237636,0.49643934,0.79473996,0.71646297,0.74592274,0.8171302,0.6081344,0.7771052,0.885782,0.8780906,0.81058043,0.7379224,0.78449476,0.82208127,0.73494637,0.78421736,0.8541647,0.6687377,0.88109994,0.8485756,0.6125236,0.89972883,0.7433999,0.8363243,0.8804916,0.79522896,0.82398254,0.3025132,0.8348926,0.7775095,0.86166996,0.62708783,0.8646279,0.8212054,0.87650985,0.8194777,0.7393112,0.73756915,0.88229656,0.7329497,0.8523017,0.8196338,0.7907159,0.82618266,0.6365023,0.6877846,0.87257826,0.5800259,0.62880576,0.5803011,0.88258594,0.699845,0.8394819,0.73984015
TM006_PDX9_F3,0.8152667,0.7346443,0.8514429,0.8055404,0.7296503,0.8719508,0.70587516,0.70215344,0.8969522,0.89197195,0.8253378,0.6529572,0.8958431,0.86026454,0.766089,0.44252974,0.86975586,0.7883731,0.88411766,0.78253525,0.8701816,0.7834437,0.9033386,0.7531451,0.8362231,0.7858138,0.8185745,0.85925084,0.7786841,0.7375434,0.7600723,0.8579848,0.6999915,0.8317564,0.7878056,0.87810713,0.87876827,0.8796379,0.8081076,0.54136044,0.8285719,0.8418933,0.7222981,0.8847268,0.8238504,0.8371706,0.8399527,0.87041974,0.8727574,0.64666295,0.5952841,0.74177974,0.717226,0.79721874,0.72920924,0.84285444,0.90116,0.930565,0.7846239,0.57342404,0.82212704,0.7658595,0.8275266,0.8653808,0.6845695,0.8768791,0.90335524,0.80325943,0.8918988,0.7635424,0.91619396,0.8364604,0.88133174,0.8495372,0.7240263,0.89834416,0.709622,0.83456373,0.8013304,0.9084627,0.8058213,0.66622865,0.85975254,0.7799228,0.9352406,0.7185572,0.90862364,0.7752657,0.7664365,0.90236616,0.84151185,0.86713743,0.850823,0.9091358,0.73303884,0.86071926,0.9321487,0.8843759,0.8581975,0.8068156,0.9043289,0.7526948,0.90242827,0.8525906,0.82924825,0.81498826,0.8991059,0.8619408,0.90197116,0.7092654,0.58479923,0.52533966,0.75251794,0.73710465,0.7519798,0.89045554,0.86280274,0.8615645,0.66592205,0.82078725,0.6840072,0.68733764,0.79511106,0.70119095,0.8099038,0.8739295,0.85447156,0.90941715,0.7719758,0.9057174,0.7419972,0.7331847,0.6973201,0.630956,0.8554223,0.9207255,0.67952925,0.782452,0.7684462,0.9032727,0.7979435,0.9023564,0.5738163,0.9090842,0.847986,0.8893817,0.8561234,0.4895629,0.79675275,0.72060025,0.7923479,0.876999,0.7470045,0.7938006,0.89752644,0.87913024,0.80909574,0.76612234,0.8363729,0.8264993,0.7486035,0.8436852,0.88488007,0.6753151,0.89208907,0.8700049,0.66244066,0.9305178,0.7842329,0.8809052,0.8860139,0.8068623,0.83086044,0.3307268,0.87124074,0.8006097,0.87982124,0.6701108,0.9187487,0.82528275,0.90850705,0.88373023,0.77123106,0.75392747,0.9162391,0.75499815,0.88147914,0.8548051,0.8220554,0.8419046,0.65036064,0.6912616,0.8717752,0.5353855,0.61673695,0.4957032,0.9003694,0.60917187,0.8831128,0.74799705
TM008_PDX11_F1,0.63895077,0.54655606,0.77759415,0.77630067,0.49950096,0.880117,0.58913743,0.64131254,0.8330463,0.82749623,0.7406282,0.5367805,0.84398663,0.8451805,0.72274685,0.4368292,0.83348143,0.6293396,0.8409442,0.6713652,0.8103535,0.7364447,0.8735101,0.6784594,0.6792715,0.7580137,0.74404067,0.81096435,0.69550306,0.67856824,0.6935237,0.82620376,0.6372455,0.76333195,0.82570976,0.7472209,0.8549339,0.80343735,0.68898344,0.5065216,0.70315474,0.7665624,0.669884,0.86245054,0.743417,0.76868284,0.74636024,0.83331984,0.78380626,0.6161906,0.46936885,0.55450064,0.6207354,0.77975357,0.74504256,0.8091063,0.875251,0.89135283,0.59665394,0.53445154,0.7826779,0.6754494,0.69080335,0.87305707,0.7549434,0.8116948,0.8462241,0.675804,0.8561143,0.7023534,0.87417966,0.80644524,0.85767835,0.8253902,0.61855614,0.9058067,0.53623253,0.8180749,0.7242683,0.86733204,0.7235577,0.5962017,0.8300739,0.7422595,0.8839494,0.77026683,0.8872096,0.74683326,0.66728467,0.8528768,0.8458236,0.792563,0.7903941,0.9046942,0.6859815,0.7659552,0.90136486,0.8296473,0.83638287,0.7158797,0.87253845,0.6620234,0.8925561,0.79460514,0.8368605,0.7582471,0.8781347,0.83963996,0.8956676,0.6053869,0.46241164,0.3973973,0.58277184,0.73548484,0.78658795,0.8629286,0.79175293,0.6440327,0.6737924,0.7655897,0.64263046,0.59771234,0.8161689,0.6567269,0.7505447,0.8620268,0.8187979,0.9085127,0.75449,0.8825548,0.5759441,0.60118777,0.6039413,0.53469414,0.77279675,0.89606506,0.37350383,0.5876329,0.72819126,0.8869687,0.7070001,0.8816858,0.487554,0.8759717,0.81599736,0.887901,0.79880446,0.47190434,0.74708533,0.64735764,0.7671771,0.7585946,0.6228532,0.7319748,0.86840665,0.90477234,0.7671901,0.67439693,0.7983592,0.8312205,0.72368145,0.7898689,0.8882211,0.59412616,0.8871161,0.83967084,0.5947183,0.8973022,0.7201322,0.81757796,0.87306845,0.7789338,0.84074855,0.32605618,0.8141219,0.74873185,0.85505855,0.588735,0.8754403,0.8164853,0.8643446,0.7742531,0.6053452,0.75492865,0.9002877,0.77805847,0.8598648,0.8121472,0.78221524,0.8154916,0.64109725,0.5757243,0.8774572,0.52749413,0.60123825,0.50835603,0.8664923,0.61262447,0.73258704,0.69775695
TM008_PDX11_F3,0.65711653,0.5593742,0.75976324,0.74943906,0.5489055,0.8167706,0.6190598,0.64913243,0.828967,0.79552245,0.7147165,0.5597415,0.80479157,0.77921444,0.6822668,0.3853304,0.75921476,0.635847,0.80651623,0.68119675,0.7889145,0.695345,0.83807003,0.6788511,0.7217842,0.7273107,0.70719016,0.75830567,0.62062204,0.6310902,0.6747056,0.76839143,0.63691604,0.7090473,0.7158751,0.74041176,0.78528,0.7610471,0.6992701,0.56406504,0.7018408,0.7525142,0.62079537,0.81994337,0.74758935,0.73888487,0.7623982,0.77305776,0.80397385,0.5919214,0.5056232,0.56509423,0.6173506,0.7616378,0.6915859,0.78238565,0.835274,0.83537525,0.6374108,0.6014942,0.74077225,0.6707927,0.6989563,0.79943204,0.6659375,0.7845872,0.7854952,0.67243963,0.76601774,0.67668194,0.83441323,0.7708455,0.7967628,0.76606,0.657364,0.850182,0.5694484,0.74199283,0.6942713,0.82985556,0.6734183,0.58170056,0.7669021,0.6546092,0.86007226,0.7084912,0.8337878,0.69547987,0.6340024,0.80381024,0.81315106,0.78679645,0.75641507,0.8369356,0.6343081,0.75243133,0.8426663,0.80197567,0.7846669,0.7207723,0.83713067,0.6888333,0.8337297,0.7844752,0.7574075,0.72781414,0.8358084,0.800113,0.8267408,0.6042252,0.4853346,0.45879868,0.645655,0.6972968,0.71233535,0.8330519,0.7998903,0.70202434,0.637339,0.77068806,0.57478505,0.61624444,0.744977,0.62991685,0.7144967,0.80842596,0.73190457,0.83895576,0.7113487,0.8251028,0.59329355,0.655961,0.64691216,0.5721043,0.77763146,0.8419443,0.46077538,0.57035834,0.7197267,0.82671684,0.71142966,0.8259433,0.57946825,0.8367227,0.7880844,0.8167434,0.7373497,0.46948776,0.6945497,0.6024523,0.71165043,0.77905697,0.6743213,0.7082951,0.82501245,0.8382332,0.7206378,0.67227876,0.6902482,0.7836792,0.6738273,0.7470668,0.8208577,0.54168487,0.81476676,0.78011715,0.61677635,0.86552936,0.69399244,0.8027287,0.8183272,0.7433635,0.7797951,0.37510195,0.76302475,0.7565083,0.8048829,0.604195,0.84464186,0.77221847,0.81421185,0.76294553,0.5854185,0.67011917,0.8407244,0.7016103,0.81404144,0.784785,0.71450055,0.7846115,0.4913181,0.620139,0.8040127,0.5442713,0.6212044,0.5308854,0.8128031,0.5465507,0.7231781,0.6663525
TM009_PDX12_F2,0.65307784,0.5418577,0.78668076,0.7752228,0.54190385,0.8805669,0.5975991,0.6368632,0.8301161,0.81797194,0.7085684,0.5444909,0.8318812,0.79114616,0.7142765,0.39367443,0.84899855,0.5970563,0.8220449,0.675492,0.80619735,0.7110801,0.86617833,0.67063993,0.6804121,0.69679105,0.7195834,0.76752406,0.6636664,0.6379589,0.6999632,0.85466635,0.65206116,0.75477195,0.8052686,0.7205833,0.8589764,0.7633891,0.6781619,0.45800063,0.67657524,0.73419297,0.66870743,0.83041334,0.7407678,0.75800496,0.7232899,0.86882806,0.8066464,0.63565856,0.47966248,0.54444945,0.6704843,0.69972914,0.73527116,0.7934486,0.8707202,0.8866376,0.5938383,0.54075515,0.76264596,0.6163095,0.7246257,0.85909855,0.8118373,0.85511184,0.83724624,0.66781414,0.8320591,0.65285444,0.86293316,0.7753338,0.86653453,0.7606799,0.599492,0.899028,0.52139825,0.8464157,0.7276643,0.86689794,0.73664397,0.5915876,0.83612347,0.71145916,0.89677554,0.80490535,0.89190626,0.76287156,0.636466,0.8330949,0.82454467,0.79406273,0.76406103,0.8922758,0.6237894,0.7824069,0.8885991,0.8265019,0.7961903,0.7349077,0.8508258,0.62720716,0.8927902,0.8206874,0.8343451,0.7298767,0.86806256,0.8203174,0.9084211,0.5855676,0.46700743,0.37140036,0.60103303,0.748753,0.80788356,0.86343503,0.76241744,0.61852753,0.6514092,0.7669594,0.57881826,0.61052984,0.8550946,0.68445325,0.7159346,0.8659747,0.8181935,0.91702527,0.7485246,0.8818411,0.59533304,0.6297895,0.60875297,0.58831894,0.7644414,0.89899224,0.39075583,0.6300188,0.73528713,0.879689,0.7261532,0.87602115,0.49004447,0.8799993,0.81451744,0.859608,0.7640773,0.44377935,0.69538605,0.58516353,0.7837715,0.7623205,0.6316791,0.6877995,0.856643,0.9023697,0.73985946,0.667989,0.78286606,0.82214504,0.72372544,0.7302023,0.8697784,0.5380337,0.8767019,0.83152455,0.58257794,0.87284744,0.69738996,0.8209222,0.8792073,0.77195233,0.83070135,0.2620964,0.8198808,0.7473211,0.8621148,0.5888866,0.851264,0.7967171,0.8669508,0.7422029,0.55692756,0.7640469,0.8772611,0.77792484,0.84636426,0.76965076,0.7553494,0.7689029,0.6177073,0.6419679,0.8973849,0.5052151,0.5649669,0.55597514,0.8871507,0.6861552,0.7302339,0.6597537
TM009_PDX12_F4,0.6488442,0.5816542,0.69616055,0.703983,0.60342485,0.8154183,0.55849826,0.6049547,0.75663644,0.718512,0.64901894,0.55719995,0.7769767,0.7003562,0.6793402,0.42021146,0.7897032,0.5822838,0.733962,0.64529645,0.7287399,0.66220856,0.7972468,0.6863838,0.6522187,0.58548903,0.68200254,0.681084,0.65545064,0.6317527,0.68138844,0.7808856,0.627632,0.6787368,0.74739254,0.6959576,0.8066595,0.7322969,0.6531421,0.4674545,0.6055234,0.7042163,0.6510005,0.7748359,0.6792555,0.6866666,0.693414,0.7850906,0.74050385,0.5992917,0.5189015,0.5437822,0.6264768,0.65826637,0.65325284,0.7084893,0.81572413,0.8086138,0.5968092,0.5455265,0.71432143,0.59620816,0.6406646,0.77672696,0.745168,0.7526485,0.78602004,0.6507233,0.752741,0.6537913,0.7816267,0.6941065,0.78727216,0.7084084,0.5218863,0.8288199,0.5543083,0.77587456,0.67760754,0.79541886,0.70045483,0.5630715,0.756711,0.6584944,0.84062916,0.7772606,0.8082698,0.6697341,0.6442711,0.75342613,0.7552238,0.7203105,0.7214715,0.7965622,0.58780396,0.7215713,0.8042186,0.74698323,0.7295884,0.678633,0.79300904,0.6473752,0.82217926,0.7557049,0.76440734,0.66293305,0.7690018,0.7458494,0.8397563,0.62978727,0.5206656,0.44668266,0.5891702,0.7312593,0.7628758,0.8188622,0.713295,0.6361472,0.57454664,0.7161755,0.55569625,0.58270526,0.79783934,0.59923744,0.64351135,0.7814648,0.7642408,0.83341885,0.6974201,0.826613,0.5562003,0.5962899,0.54166,0.55948794,0.70209455,0.7940983,0.4906089,0.6441092,0.71103376,0.81686807,0.6492102,0.80449796,0.48872408,0.80759764,0.7345581,0.7810687,0.7040682,0.4750654,0.669111,0.60209924,0.7444684,0.69061357,0.5675387,0.6239889,0.77313066,0.8295484,0.6750777,0.60795224,0.7043894,0.75654846,0.65656674,0.6811867,0.8070843,0.54624444,0.790538,0.73753875,0.56916016,0.8116789,0.66008633,0.7255198,0.8056843,0.7125827,0.755758,0.35019752,0.7452812,0.6763412,0.7895097,0.5678419,0.78857213,0.71954006,0.78560627,0.6700822,0.5854041,0.71283424,0.7935856,0.7049351,0.79050934,0.71197325,0.69701886,0.71839386,0.57638466,0.6038315,0.79458374,0.50262606,0.5232517,0.52766865,0.8189077,0.61341774,0.7068687,0.6367953
TM010_PDX13_F4,0.78752595,0.7848457,0.8530333,0.84987175,0.7351587,0.86102146,0.72327757,0.71259886,0.8853415,0.88197064,0.8140136,0.6281801,0.8838194,0.84370375,0.7429938,0.50105274,0.8508274,0.7881255,0.8443065,0.79446256,0.86222714,0.78277194,0.88643026,0.806254,0.8273654,0.7951492,0.7593403,0.87357396,0.7274876,0.71317106,0.76194465,0.8559419,0.6980261,0.85235584,0.797433,0.83686215,0.9057962,0.8171614,0.77415997,0.60535604,0.8269893,0.85970855,0.7233844,0.8382049,0.80719787,0.8009383,0.77080977,0.8149829,0.8523326,0.7003937,0.64023125,0.7529655,0.7300783,0.7716883,0.71520054,0.80815244,0.8586904,0.8817491,0.7812408,0.6768004,0.82161283,0.7157692,0.7968876,0.83369803,0.83952475,0.8917562,0.88368267,0.78366363,0.8336997,0.7407785,0.8774728,0.7976869,0.8504234,0.82445616,0.7295723,0.8797589,0.743594,0.7981315,0.7549971,0.8220494,0.77619123,0.686518,0.8143965,0.7145794,0.9012973,0.8464654,0.89262784,0.72591466,0.7552986,0.8300863,0.8286615,0.86317897,0.8182913,0.88859314,0.6639342,0.8411108,0.8735676,0.85660315,0.847193,0.77528393,0.8705856,0.7585356,0.8737115,0.81846815,0.80729336,0.7802931,0.87852794,0.8450599,0.8840114,0.7377748,0.62801826,0.6016325,0.729976,0.7969222,0.8487676,0.87914973,0.8399794,0.8119441,0.6721649,0.79284483,0.64512557,0.671853,0.8477362,0.7302119,0.775861,0.85796905,0.8308597,0.88535184,0.7592346,0.88657254,0.72532445,0.76413804,0.785525,0.686099,0.8444356,0.8842177,0.699131,0.74571943,0.75986516,0.86112624,0.79551435,0.8666116,0.636669,0.8769462,0.813896,0.8575404,0.8271249,0.5461731,0.7847614,0.65041256,0.81516266,0.8418512,0.73344296,0.7342017,0.86416286,0.861369,0.7257418,0.7889308,0.7693414,0.8196001,0.72914946,0.78287965,0.87054837,0.635925,0.8587533,0.84577024,0.6901064,0.90119386,0.795772,0.8551819,0.8694345,0.7505211,0.81435174,0.34476393,0.812503,0.7223348,0.8504734,0.6972452,0.8927893,0.7861558,0.85104126,0.84191465,0.7943265,0.8348564,0.87760097,0.7609573,0.88159287,0.86996084,0.7681962,0.8102525,0.61260724,0.71794575,0.8402873,0.5597998,0.7111758,0.58629483,0.8920863,0.6562373,0.8814204,0.747139
TM010_PDX13_F5,0.7813958,0.74648696,0.8507492,0.8685516,0.6575228,0.8851544,0.7574681,0.7002762,0.8955218,0.88505006,0.83941555,0.587621,0.9240265,0.8672325,0.7201335,0.46591976,0.88293827,0.7886704,0.89009154,0.77725226,0.88517785,0.8101483,0.9139822,0.8406293,0.82537365,0.79005265,0.76043767,0.89306885,0.7466229,0.6584013,0.6663391,0.9077178,0.6677502,0.87683666,0.79363304,0.8048149,0.9274628,0.83160603,0.7616283,0.6345487,0.82583785,0.88169384,0.75405914,0.85898626,0.8501171,0.8660655,0.757182,0.85969466,0.8734385,0.68183315,0.5860996,0.7667964,0.70251966,0.7859366,0.7112797,0.84235334,0.8912239,0.92137116,0.770377,0.6096452,0.8032661,0.7280746,0.81529707,0.8594867,0.88652635,0.90579224,0.9047937,0.75099933,0.87027913,0.7138209,0.9172093,0.82085925,0.89517736,0.8642416,0.7632859,0.92406446,0.7166658,0.82162946,0.7566875,0.8887257,0.7621306,0.7006958,0.86077803,0.739117,0.9326022,0.8939402,0.9156987,0.77465516,0.78170407,0.828807,0.85628986,0.84825003,0.8408673,0.92320395,0.6649136,0.85058606,0.91681,0.8683859,0.8529364,0.8051658,0.9179261,0.7581543,0.9135205,0.8538971,0.8094911,0.8157611,0.920059,0.86310387,0.9036263,0.75620246,0.61664605,0.56898826,0.7286729,0.8710295,0.8946693,0.9086151,0.85520965,0.800244,0.70100415,0.79761213,0.6218938,0.6737448,0.9109285,0.7468609,0.8061712,0.8989106,0.84035003,0.92710984,0.7999502,0.9211256,0.7055444,0.7628514,0.7729985,0.6560899,0.83476776,0.89477855,0.5833058,0.75048995,0.81485623,0.9004905,0.76517457,0.90894246,0.5881689,0.9095607,0.84740597,0.9060332,0.8375566,0.52317643,0.7851496,0.71772546,0.8675473,0.8680476,0.7349299,0.748526,0.8843901,0.89404464,0.7547265,0.77102906,0.7681476,0.8528482,0.75035787,0.7790735,0.90439004,0.60830915,0.8969191,0.86146927,0.66666585,0.92224216,0.78916454,0.8639674,0.88539535,0.8030422,0.8323562,0.24594481,0.8501884,0.7377369,0.89792967,0.6783248,0.90707505,0.8163908,0.8975134,0.8385015,0.7695323,0.8613417,0.93235755,0.7753064,0.88336456,0.851098,0.7921341,0.80895114,0.6136464,0.7335674,0.8753835,0.5359381,0.67027175,0.55419034,0.91124725,0.62125015,0.8852825,0.7217912
TM011_PDX14_F1,0.78571326,0.70560783,0.88948315,0.8984442,0.6343122,0.88104427,0.71357846,0.6959091,0.910761,0.8855352,0.822116,0.68542844,0.9243638,0.89680356,0.7684022,0.484803,0.89678407,0.8075491,0.8891994,0.7823109,0.90005463,0.79013604,0.8963307,0.79202694,0.82249004,0.7924453,0.7647276,0.8860965,0.7586423,0.69508386,0.7469271,0.8804679,0.674272,0.8435294,0.86493695,0.82268935,0.87974256,0.83132035,0.7750789,0.6561388,0.7805627,0.85087293,0.7832168,0.87495023,0.8398795,0.8586565,0.823699,0.87506,0.87849516,0.66888654,0.5723103,0.75864655,0.72462356,0.84613097,0.7602642,0.84939116,0.8817392,0.91062695,0.7063887,0.6914885,0.8369997,0.7534984,0.8350981,0.8682842,0.8031219,0.8991918,0.9141571,0.7824544,0.8895055,0.7553874,0.89945877,0.8290607,0.90300125,0.8314317,0.70889527,0.90839857,0.6575445,0.82954544,0.7115924,0.89108145,0.7725875,0.70469743,0.8321136,0.7231211,0.9147822,0.8211148,0.90651554,0.78493696,0.79440594,0.8644347,0.8808798,0.87348336,0.84461474,0.9119746,0.7547916,0.83290696,0.9211982,0.8949915,0.8515778,0.81310344,0.90204006,0.76276654,0.8959959,0.8420337,0.83445174,0.8375455,0.89796484,0.86163116,0.9094714,0.7373228,0.5564242,0.5277539,0.6932291,0.8012808,0.8389562,0.90310514,0.86368483,0.7616918,0.67410415,0.773777,0.65808004,0.68679184,0.85194075,0.7360522,0.81645054,0.8990185,0.8467918,0.93610686,0.6714917,0.8891959,0.69959325,0.7581346,0.74920636,0.65083665,0.8736287,0.93046904,0.5541338,0.7271879,0.7327486,0.9019032,0.8095042,0.90907943,0.57596785,0.9045851,0.82971936,0.87393105,0.851593,0.5343248,0.80360305,0.7144932,0.8280319,0.88641316,0.6768064,0.72878355,0.88438946,0.8998901,0.7824669,0.74775594,0.7745627,0.8162094,0.75540376,0.7555807,0.90397877,0.64761823,0.8930406,0.8873569,0.64323515,0.925472,0.80291516,0.87729096,0.8945289,0.807821,0.8348077,0.26675436,0.86191535,0.7895065,0.8928608,0.67834866,0.9009777,0.85286015,0.90513885,0.8572238,0.76113385,0.76551324,0.8957355,0.7743721,0.8833579,0.8696774,0.74196625,0.855365,0.60769975,0.72265977,0.849196,0.5813284,0.6664558,0.6853592,0.8997343,0.64776134,0.88704,0.7796522
TM012_PDX15_F1,0.8602979,0.70352566,0.94843745,0.9328096,0.602367,0.9795633,0.937402,0.8321438,0.9852795,0.9762321,0.9278574,0.5663231,0.9805181,0.9718782,0.8957853,0.1738072,0.96666974,0.91169494,0.98702633,0.83688045,0.98049706,0.9134587,0.9912072,0.8955364,0.9223495,0.89218855,0.95579785,0.9746015,0.8597053,0.8707415,0.85215354,0.97381574,0.7883887,0.9665694,0.8743238,0.9458545,0.99136543,0.9594818,0.9240135,0.34689915,0.901145,0.9779037,0.8774339,0.98596925,0.9239204,0.95761824,0.958665,0.97517025,0.9770848,0.66901195,0.4934982,0.63188136,0.75588864,0.93102044,0.84087497,0.9672659,0.983737,0.991983,0.7709067,0.6728024,0.953585,0.81109536,0.9195162,0.98093945,0.94878685,0.9845727,0.98222035,0.898418,0.9731623,0.8769715,0.99146926,0.9590991,0.98677593,0.97892696,0.717614,0.9926161,0.5828417,0.96858585,0.9311947,0.9816182,0.9335075,0.52001756,0.9764636,0.86011183,0.9942615,0.94224745,0.9892829,0.94557464,0.933233,0.97599137,0.9862991,0.9719386,0.9427925,0.99082166,0.7685174,0.9604136,0.99157774,0.9838264,0.984187,0.9533627,0.98576635,0.87389624,0.9891441,0.97864014,0.95673925,0.95552456,0.99104965,0.9850134,0.9927734,0.8543566,0.54095644,0.34154958,0.7653438,0.89112705,0.9450895,0.98672974,0.974088,0.9534384,0.8250943,0.9714226,0.69428563,0.7836781,0.96896744,0.74760914,0.90231335,0.9886105,0.9754184,0.9925104,0.93983775,0.9900995,0.7930661,0.77789825,0.84032565,0.56180376,0.9738606,0.9937533,0.3466634,0.7692867,0.9551418,0.98840666,0.90758204,0.9826922,0.5181437,0.99143654,0.9755896,0.9874263,0.9571757,0.40081367,0.89552796,0.716565,0.9508986,0.98615444,0.9328764,0.9235326,0.98698217,0.98719406,0.92833525,0.85076445,0.9554992,0.9768226,0.872731,0.95785874,0.98843807,0.7260185,0.98648214,0.9868021,0.64496887,0.9941565,0.92238003,0.9830715,0.9847717,0.9224713,0.97461987,0.07768353,0.9553746,0.9603043,0.9834315,0.7563465,0.98988384,0.94808936,0.9850688,0.9593272,0.7351102,0.9353017,0.99356604,0.92340785,0.98366207,0.9809529,0.94068694,0.96023655,0.7570916,0.802813,0.98085755,0.31181628,0.5228509,0.34111935,0.9897053,0.22310291,0.9641466,0.8807369
TM013_PDX16_F3,0.70036185,0.6347314,0.77468216,0.733916,0.654434,0.861413,0.6185107,0.63577026,0.84562665,0.81206745,0.73467433,0.5856547,0.8220451,0.7771539,0.73266274,0.40767634,0.7981712,0.66654354,0.80775326,0.66016495,0.80947536,0.7172032,0.8564255,0.73253155,0.77562714,0.6911115,0.7195805,0.783282,0.69367665,0.6836815,0.6957133,0.7665024,0.67897797,0.73664093,0.72845674,0.7925194,0.7816452,0.81420696,0.72229946,0.4518545,0.7560071,0.79107124,0.6493968,0.8194167,0.71846205,0.7463639,0.75399387,0.8018954,0.808239,0.61885405,0.5339195,0.5775645,0.6902591,0.7123307,0.7254157,0.7689585,0.8548869,0.8642074,0.65305525,0.5752512,0.73963547,0.6732695,0.7335127,0.807923,0.6410353,0.7746507,0.8339633,0.679254,0.8204237,0.68477726,0.8651219,0.7756503,0.8325133,0.7665523,0.62293386,0.856347,0.62382036,0.791547,0.719353,0.8359661,0.75455624,0.609219,0.81583905,0.737713,0.86708015,0.7316163,0.8666813,0.7319611,0.68956023,0.8525007,0.8209573,0.8179651,0.7703543,0.8159695,0.67691773,0.7720221,0.8571478,0.8139314,0.8190344,0.7452696,0.83705634,0.70065415,0.872741,0.75837874,0.7846305,0.7377389,0.8284701,0.81123257,0.8583766,0.647667,0.5566043,0.46237922,0.68392915,0.67545384,0.69025135,0.8281916,0.80514807,0.7914732,0.6053713,0.77796525,0.60790914,0.61229336,0.7207985,0.67972535,0.7381421,0.8079186,0.8275161,0.8685454,0.76010346,0.8680592,0.63819927,0.6626621,0.6684991,0.57677865,0.8156107,0.83501124,0.5660703,0.70031327,0.71745557,0.85863644,0.7651733,0.8491828,0.582901,0.85859364,0.8022502,0.8500403,0.7778239,0.4768183,0.69244474,0.59455913,0.7217949,0.8210534,0.6690604,0.7122698,0.8168674,0.84819794,0.7023066,0.67215246,0.7800984,0.8170134,0.6877752,0.77120006,0.8457993,0.56853455,0.8487374,0.7948732,0.6524105,0.85997695,0.7330421,0.82610434,0.8120281,0.7428608,0.790241,0.384782,0.77836895,0.7494066,0.8388163,0.5961076,0.82498527,0.74482054,0.8308612,0.76840085,0.6567637,0.677439,0.8571541,0.71696186,0.822187,0.7883294,0.755564,0.76391464,0.59507495,0.70554906,0.8176485,0.5108325,0.5645166,0.459344,0.85580045,0.6147388,0.77983475,0.72787434
TM016_PDX18_F1,0.69091666,0.53759515,0.8727894,0.79083836,0.513757,0.9199225,0.81506956,0.7463725,0.892986,0.8927021,0.81287664,0.5972302,0.908277,0.8616407,0.75253415,0.3048622,0.87782013,0.7265231,0.908492,0.7283573,0.8578343,0.77537,0.9338319,0.78964573,0.7882945,0.8135586,0.76724327,0.8546181,0.7294941,0.7142349,0.73147327,0.8828444,0.6642374,0.8031696,0.83566785,0.82088894,0.8931948,0.83259374,0.76546675,0.45591643,0.73613614,0.8377991,0.8015428,0.9049406,0.86346066,0.82846946,0.8545325,0.91128033,0.92154205,0.65603834,0.4486203,0.5484413,0.6644113,0.78003705,0.81214505,0.89139336,0.9343161,0.9442738,0.6335095,0.69823897,0.82997173,0.7747002,0.733205,0.9291075,0.7631141,0.8670759,0.91881466,0.72392833,0.8736458,0.7071174,0.9433351,0.8502941,0.91427296,0.88589567,0.61647505,0.96256644,0.52099353,0.8533914,0.7382161,0.9185134,0.7959971,0.5923758,0.8773903,0.7318628,0.9400746,0.8054796,0.9390623,0.83059067,0.75070125,0.9055043,0.9218446,0.85943574,0.88928384,0.9333911,0.66673905,0.8743774,0.9462437,0.9180429,0.90826505,0.81847805,0.92806596,0.77868694,0.9298341,0.88125366,0.8893924,0.8438098,0.93939185,0.90417314,0.94821274,0.6242838,0.45173785,0.3502742,0.66047287,0.7647076,0.8229585,0.92081887,0.9009695,0.7587737,0.6126703,0.86440873,0.6210196,0.6665285,0.8545501,0.6886812,0.8385272,0.91384387,0.85683644,0.93483794,0.7282982,0.93717915,0.6588936,0.66002405,0.70051336,0.53167325,0.8491336,0.94773984,0.32397705,0.61814916,0.84165907,0.9072117,0.7890517,0.9082269,0.48124278,0.9355974,0.8789264,0.9150151,0.86125255,0.41575667,0.7644594,0.6236643,0.8296551,0.9469414,0.80379224,0.7637166,0.91645527,0.9486328,0.76268387,0.7342023,0.8063537,0.8806663,0.75445104,0.8162559,0.93869925,0.5670065,0.9351622,0.91586196,0.61280537,0.9435926,0.8417427,0.8998023,0.9080223,0.839258,0.8824861,0.210482,0.8769235,0.8984849,0.93292767,0.6764639,0.92129093,0.8467547,0.92104256,0.8497315,0.5621027,0.7336659,0.9364796,0.8048879,0.92124724,0.86285126,0.8479519,0.8522753,0.60263926,0.70158416,0.9082141,0.43861365,0.599913,0.34414253,0.9333778,0.35911736,0.8508381,0.80473816
TM017_PDX19_F1,0.79057163,0.7303994,0.8443637,0.8639476,0.6533064,0.85330117,0.689747,0.67576164,0.85755783,0.87136275,0.7955708,0.61849856,0.8891693,0.85025287,0.6940773,0.46534285,0.8721475,0.73874426,0.8411079,0.73092246,0.87959874,0.739039,0.8626789,0.7555586,0.83997756,0.7762894,0.7512687,0.8557067,0.7441742,0.6959747,0.7376048,0.86448056,0.6961388,0.8353648,0.802457,0.793908,0.8513757,0.8108519,0.7254609,0.672747,0.84107316,0.8276431,0.7044307,0.84212065,0.82965124,0.81553,0.8261543,0.8401605,0.8665612,0.70025235,0.5924699,0.7572938,0.6495815,0.7811318,0.75423265,0.8264478,0.8695247,0.9035444,0.7274588,0.6671143,0.8286038,0.7431879,0.8322044,0.83871526,0.8094467,0.8801826,0.8774284,0.7439145,0.86171484,0.71548957,0.9055841,0.820667,0.86806166,0.8015977,0.7493184,0.9102218,0.6962832,0.8181562,0.76843005,0.8752145,0.7385388,0.7022746,0.8357762,0.76671004,0.90762347,0.8118346,0.89727676,0.7671483,0.709373,0.8413307,0.8205944,0.82941055,0.8075312,0.894355,0.7027891,0.8169764,0.90263546,0.8640449,0.841597,0.79986984,0.8596065,0.7498402,0.90142274,0.8186365,0.83198875,0.8003868,0.88081175,0.84327805,0.88605666,0.6574505,0.610923,0.53978723,0.7456897,0.7937497,0.7962399,0.87318254,0.82284576,0.7655139,0.65540504,0.74342716,0.6335814,0.66386664,0.8692575,0.7384792,0.8034976,0.8772847,0.799583,0.9043135,0.728571,0.89725965,0.75828755,0.77856034,0.77684706,0.65195256,0.84958875,0.8922151,0.6193567,0.72010773,0.72064763,0.8935318,0.78089935,0.9011559,0.57225347,0.89725065,0.78964186,0.87277156,0.80484176,0.52127236,0.75814885,0.66601545,0.8172584,0.86521786,0.6846156,0.7081311,0.85448486,0.9035383,0.7573674,0.76361036,0.8016489,0.8217471,0.7212062,0.7460947,0.8853128,0.65790343,0.88428664,0.8183459,0.66168493,0.9172337,0.77217865,0.8222584,0.8662235,0.7663392,0.829221,0.3465045,0.83979374,0.764927,0.87166595,0.661705,0.89025414,0.8254622,0.87842983,0.8436537,0.72370094,0.7755168,0.8997174,0.7394162,0.8596304,0.8533343,0.7291031,0.80016524,0.7073651,0.7631834,0.8642796,0.66490966,0.73851854,0.6458515,0.8760928,0.772658,0.8526854,0.70491326
TM018_PDX20_F3,0.7284047,0.63835305,0.81507933,0.72349304,0.6156296,0.9048724,0.7077348,0.6755853,0.887624,0.8486963,0.7930916,0.6038138,0.8585705,0.82341045,0.7485425,0.38012853,0.8527197,0.7369016,0.87236094,0.7027893,0.8480735,0.7527183,0.9031776,0.7337664,0.758385,0.76949584,0.7606365,0.81559914,0.73814416,0.7230617,0.7774454,0.85178024,0.6671001,0.8422236,0.7923524,0.82943016,0.87787414,0.8498895,0.7587479,0.538636,0.76137,0.8364226,0.7716266,0.8542661,0.76120836,0.7878298,0.77271634,0.850365,0.8374111,0.5882122,0.54691833,0.5914324,0.64972717,0.73867255,0.71556365,0.8245981,0.9024545,0.9122517,0.70244855,0.54322743,0.8181288,0.74197096,0.74143916,0.87555957,0.7669408,0.84050375,0.8972853,0.6741015,0.8446278,0.7409799,0.8941101,0.8204155,0.8797009,0.86553645,0.6783268,0.90593505,0.61634684,0.85996056,0.7608215,0.89946735,0.8034903,0.63976574,0.85421723,0.73181313,0.9414962,0.8147731,0.9098655,0.8127931,0.7835314,0.8699298,0.8694225,0.8271264,0.8623898,0.8800141,0.6987824,0.83296996,0.9255197,0.8468297,0.86126244,0.8172406,0.883715,0.718528,0.91353714,0.8485438,0.82465196,0.825042,0.8833005,0.82947075,0.9175308,0.6652569,0.55742335,0.46940535,0.61857533,0.7741629,0.8524318,0.87687176,0.84912777,0.7754667,0.6563417,0.7987319,0.62667835,0.68619823,0.8539159,0.68654835,0.76507664,0.8816023,0.84571135,0.90731794,0.8498097,0.89703727,0.6721236,0.64773023,0.672037,0.6013286,0.8138974,0.9006493,0.47086447,0.6671718,0.7252426,0.8868246,0.7718672,0.8732353,0.49653915,0.9152825,0.8335461,0.8777189,0.81591374,0.46263415,0.74430466,0.6808943,0.8097214,0.8415725,0.699588,0.73777485,0.8741865,0.8989363,0.76296294,0.73046917,0.8151662,0.85223264,0.7698967,0.8011636,0.8920809,0.642686,0.8928166,0.86775494,0.6310629,0.90653366,0.766766,0.8672373,0.89364773,0.782846,0.8420941,0.3039962,0.8462702,0.7783342,0.8791376,0.6817784,0.88488317,0.77330655,0.8944571,0.82108456,0.6751957,0.7814401,0.9101854,0.7740321,0.87230897,0.8062851,0.817623,0.7814753,0.6535009,0.70409364,0.8996146,0.5041567,0.50209355,0.40916157,0.92244476,0.5633297,0.8168289,0.7743206
TM019_PDX21_F1,0.7844037,0.5907736,0.91568434,0.90226835,0.4873446,0.9678082,0.7688812,0.7656961,0.9528157,0.9495937,0.9036506,0.65934414,0.9628613,0.9356357,0.8239321,0.37201086,0.96713376,0.7423183,0.9558957,0.76118255,0.94180554,0.79772276,0.96644163,0.8938689,0.8304016,0.8758757,0.867615,0.92126465,0.79765546,0.75571424,0.69560117,0.94827586,0.7380116,0.87164116,0.9459848,0.8773012,0.93834275,0.929974,0.80626106,0.40204933,0.8457863,0.9043324,0.8387138,0.95682395,0.90635526,0.90736324,0.87134695,0.95907575,0.9368238,0.6673471,0.51850533,0.6548413,0.74309134,0.8322842,0.8826486,0.91887724,0.9648162,0.9773685,0.71528405,0.5337064,0.8947096,0.82009244,0.8143077,0.9680128,0.88142943,0.94426745,0.9724539,0.76597875,0.95877635,0.80963933,0.97579205,0.9137239,0.9648965,0.9293792,0.667556,0.97954375,0.54634565,0.9514014,0.8282036,0.9659757,0.85716236,0.6973338,0.93018323,0.8378518,0.9806652,0.93997437,0.97179765,0.88119614,0.7764708,0.96274704,0.9424622,0.9132951,0.92173374,0.97905254,0.8005933,0.9193443,0.9771129,0.96004367,0.93511015,0.8699505,0.9699618,0.7846203,0.978224,0.930144,0.9194501,0.90594685,0.9745155,0.93452674,0.97750854,0.6944238,0.5060599,0.4260096,0.7257547,0.8703968,0.9283447,0.9638263,0.92955625,0.77541196,0.7696593,0.8854458,0.67838174,0.6968373,0.9511665,0.8264566,0.8915992,0.9641444,0.93763494,0.9828895,0.8462669,0.97560185,0.6819066,0.6770487,0.72225034,0.6067205,0.9361537,0.9809343,0.31803578,0.7238542,0.8556247,0.9740234,0.84407425,0.970312,0.45594954,0.9702362,0.9256349,0.9628547,0.9094707,0.47217643,0.8825263,0.71893173,0.88583755,0.9321699,0.74716383,0.84349835,0.9700206,0.9746673,0.8506941,0.7678558,0.92090946,0.93894684,0.8523957,0.87999696,0.96911436,0.6082885,0.96794933,0.94665396,0.64289266,0.9744693,0.85193825,0.92541045,0.9572363,0.9059995,0.94779545,0.14355762,0.926838,0.91648275,0.9662318,0.6588937,0.96267515,0.9144252,0.9648814,0.9036253,0.6581384,0.8739355,0.9748142,0.8846023,0.95198613,0.90328175,0.9174035,0.89369136,0.6840518,0.80011564,0.96157074,0.46109948,0.5502123,0.44422612,0.9719201,0.6394828,0.89466286,0.83441406
TM021_PDX23_F1,0.6978668,0.707227,0.8329245,0.82777387,0.5935169,0.8674636,0.65667367,0.7020924,0.87278533,0.83977425,0.78212863,0.6573076,0.8790259,0.82555693,0.7104767,0.43294084,0.86900437,0.678159,0.86486745,0.7507959,0.8397402,0.7383611,0.88449484,0.76499176,0.78166485,0.7461333,0.76575947,0.81932324,0.6680217,0.6417502,0.69159895,0.81748253,0.6345355,0.7920195,0.77713317,0.7844517,0.8781578,0.80271584,0.7110469,0.50733864,0.75817794,0.806315,0.6995442,0.85855,0.8265416,0.7977203,0.7637364,0.84833527,0.8467921,0.69045424,0.5607811,0.6523895,0.65716076,0.789293,0.7111221,0.815309,0.86908615,0.8897507,0.70476454,0.60878897,0.78622496,0.74362296,0.7535172,0.84113556,0.7605913,0.8734129,0.86657894,0.7285705,0.847138,0.6807661,0.88374305,0.7839822,0.8795079,0.80585533,0.66870034,0.9018431,0.62019527,0.805132,0.7375811,0.89650327,0.7620415,0.6799716,0.7977162,0.70235664,0.8811278,0.7912148,0.8974934,0.7356309,0.70239455,0.849744,0.8139652,0.79574645,0.8207916,0.9061381,0.7078338,0.8102151,0.8919681,0.85506743,0.8249713,0.77966624,0.8841754,0.7021136,0.87854826,0.8359409,0.8361422,0.7725361,0.88084453,0.8417045,0.8992332,0.70538163,0.54766214,0.54740506,0.70364743,0.76541686,0.8208235,0.88200146,0.78225505,0.76937145,0.67641205,0.7752504,0.65889037,0.63059616,0.8596298,0.7194132,0.769367,0.87210745,0.82888716,0.9157007,0.7156695,0.88084537,0.6286693,0.70301515,0.6870572,0.6025614,0.79763645,0.8970563,0.5309802,0.69129354,0.7670096,0.88001144,0.76151353,0.87320006,0.53878075,0.88271016,0.81727695,0.8779556,0.80733204,0.5081679,0.7406725,0.6492942,0.7860985,0.81634057,0.66789967,0.716055,0.86168605,0.8805878,0.79262465,0.74015033,0.75828767,0.8334469,0.736868,0.7713005,0.8779793,0.6082564,0.8883666,0.8472748,0.6031058,0.89143384,0.74799114,0.8484945,0.8813331,0.75181675,0.80386496,0.2843848,0.84095204,0.7752823,0.86929166,0.6177154,0.85308707,0.82400566,0.88327956,0.786817,0.707067,0.7619771,0.87905353,0.76211315,0.85447526,0.82588017,0.7988638,0.8015495,0.65914315,0.6775063,0.8405235,0.5518461,0.6415747,0.529627,0.88950163,0.66130626,0.81140435,0.7277344
TM027_PDX26-17T_F1,0.70569265,0.6810446,0.7605522,0.7435347,0.6830208,0.75668263,0.65525985,0.6414948,0.83196807,0.7871579,0.7067296,0.59679043,0.79189634,0.7355825,0.6665677,0.49453878,0.7613246,0.65585095,0.7791046,0.70305014,0.8080402,0.7292332,0.8243027,0.67088497,0.77389973,0.7102044,0.7257469,0.7493979,0.6881317,0.64587903,0.68949187,0.6957448,0.6654868,0.7411302,0.69769025,0.81115216,0.76295453,0.75297517,0.72056013,0.4338826,0.7472633,0.7527434,0.6245302,0.7841527,0.73131,0.69736975,0.72846055,0.72033596,0.7890233,0.5733205,0.6041964,0.6338723,0.68534636,0.6991471,0.6281523,0.75591946,0.81043315,0.8076025,0.7023743,0.60487545,0.7221031,0.6980731,0.73788375,0.7467922,0.57030237,0.74219275,0.77027535,0.7137145,0.77545065,0.68697333,0.79669213,0.74274343,0.795502,0.748614,0.6811682,0.82248914,0.6222466,0.6998683,0.7195012,0.8016743,0.7105818,0.61818874,0.754491,0.6565898,0.8283651,0.66972184,0.8009172,0.70557076,0.6963945,0.76253784,0.7699641,0.7927032,0.74743867,0.81094414,0.6616881,0.72406805,0.80317277,0.8163118,0.7684294,0.7029383,0.7883718,0.7077251,0.8051782,0.7880539,0.7410508,0.7438875,0.76573575,0.77281785,0.8098195,0.64797443,0.5490825,0.57076305,0.6617932,0.64558065,0.6864992,0.78432584,0.7529554,0.8197354,0.6748075,0.7370088,0.645563,0.625044,0.6725448,0.6848254,0.7188809,0.7873598,0.747014,0.81380635,0.7300896,0.80723953,0.66229856,0.7030948,0.7160958,0.61495346,0.76760274,0.8319499,0.67535824,0.716853,0.7139591,0.78949624,0.7525361,0.7914772,0.5845121,0.80493885,0.7784111,0.79990035,0.77047163,0.51693994,0.6769084,0.642769,0.69928586,0.7623311,0.6619392,0.69195586,0.80132824,0.7654185,0.7144804,0.65069866,0.7344296,0.7098816,0.67800754,0.71661764,0.78415114,0.5830959,0.8033476,0.77279645,0.6266094,0.81582946,0.68653023,0.7924216,0.7686067,0.66767186,0.7273795,0.41440386,0.7485162,0.7210285,0.75951695,0.602699,0.7936306,0.7492668,0.8139431,0.76717025,0.6995633,0.6650288,0.7897732,0.68617356,0.7722416,0.75281036,0.68546164,0.762746,0.61983854,0.6288341,0.7557975,0.55931884,0.6047536,0.5482739,0.8111197,0.6347193,0.74307376,0.6700146
TM027_PDX26_F1,0.7534613,0.76010054,0.84939116,0.8373571,0.7538391,0.85126424,0.7267919,0.7197975,0.8797627,0.8675007,0.79168516,0.6491626,0.8770924,0.803453,0.7214989,0.50003994,0.8357419,0.73838544,0.85613453,0.7641738,0.86114246,0.8120224,0.8974961,0.76830107,0.8544882,0.8114346,0.819328,0.8233084,0.7463864,0.7219356,0.7678608,0.7798676,0.71484274,0.8138632,0.7404933,0.87292314,0.87400657,0.8044278,0.80167633,0.5315461,0.8106576,0.8456034,0.66928196,0.8392761,0.8216501,0.7762591,0.79254955,0.77241033,0.8642216,0.6573759,0.6630176,0.71992993,0.72469604,0.7872377,0.6839835,0.82686305,0.8805015,0.8794167,0.7606534,0.7142372,0.8229374,0.7597607,0.79350144,0.8374333,0.6761154,0.8298079,0.8657131,0.76271826,0.8447859,0.7243206,0.8740741,0.792556,0.87114173,0.84747434,0.73529893,0.8800424,0.69085634,0.7966548,0.8164015,0.86289704,0.7700207,0.69545144,0.8235494,0.7290254,0.88724136,0.7660243,0.88945097,0.7610142,0.77583784,0.84623337,0.8278246,0.8710423,0.8290045,0.8740399,0.72056395,0.8149521,0.8634402,0.8696341,0.8582416,0.77475613,0.86225975,0.74981564,0.8694871,0.8440591,0.8194155,0.81863815,0.85078645,0.84450924,0.8757428,0.7229933,0.6208774,0.62765634,0.7317275,0.7405018,0.77690643,0.85401076,0.83021057,0.8977514,0.7296884,0.8209539,0.68321013,0.68165004,0.77760214,0.70516676,0.76812124,0.8728269,0.8204126,0.89207387,0.77559483,0.8775579,0.69272137,0.75973004,0.78170013,0.64944756,0.8376913,0.89138603,0.7292193,0.78870666,0.7671935,0.85691047,0.8046875,0.8625813,0.6366995,0.8842233,0.83897156,0.8620282,0.82355994,0.5425565,0.75786686,0.6827292,0.75803703,0.8638514,0.73615277,0.77020234,0.8648941,0.840661,0.76607656,0.7374737,0.785678,0.7763075,0.7347345,0.799678,0.8716681,0.6287831,0.87495786,0.8322071,0.68224424,0.89894664,0.770137,0.85763764,0.8404329,0.7561119,0.7947418,0.3500396,0.8239766,0.7732967,0.8258371,0.6596736,0.8697939,0.8133801,0.86961883,0.83486706,0.76939774,0.7696055,0.85728645,0.7753137,0.8584247,0.8333976,0.7524394,0.8256961,0.6467708,0.7018392,0.82621074,0.5814933,0.70290005,0.56404585,0.8797766,0.6562317,0.85301757,0.75313365
TM027_PDX26_F3,0.68252784,0.6221313,0.7872813,0.7603182,0.6374407,0.81415474,0.6913821,0.6902144,0.8624179,0.81261456,0.7621099,0.57121503,0.84059745,0.7555534,0.68175095,0.41095206,0.8173342,0.72030884,0.7915846,0.6905917,0.8360599,0.7104812,0.8644565,0.7223212,0.74098015,0.71565944,0.7452235,0.7972216,0.6909712,0.6552481,0.71678895,0.7959898,0.6644615,0.73358846,0.71411633,0.798223,0.8620544,0.778791,0.7319363,0.45600894,0.74012864,0.7971446,0.6676997,0.80344844,0.75544983,0.77881294,0.76429,0.7688581,0.8038197,0.5729591,0.53001213,0.58560574,0.6736685,0.74741185,0.65839416,0.7924468,0.8676344,0.84095985,0.64281,0.6114312,0.77936864,0.6714915,0.732369,0.8221741,0.7290295,0.8455127,0.8317912,0.70189023,0.83253676,0.6719116,0.8543928,0.7604505,0.8492068,0.7850489,0.6325799,0.8607657,0.5874552,0.7467508,0.71139485,0.8381213,0.73162305,0.54380536,0.773403,0.65329266,0.8751738,0.77706254,0.8572869,0.7266741,0.7292877,0.7842809,0.8160071,0.77643615,0.76984304,0.862736,0.6921975,0.7946243,0.8808802,0.84376216,0.83116746,0.7522686,0.83741,0.7132846,0.8557633,0.8212309,0.7857323,0.74505025,0.84473735,0.81254524,0.8631336,0.68882346,0.5147757,0.46345016,0.66335446,0.70345414,0.79780865,0.8586603,0.7864072,0.8130934,0.66248673,0.7925065,0.639909,0.62932867,0.7884712,0.6397734,0.7146556,0.8414635,0.79588455,0.87350416,0.7272283,0.8526884,0.6229049,0.6477702,0.6673607,0.563203,0.81742126,0.8690623,0.5221259,0.6840066,0.76226085,0.84503907,0.75182426,0.83359116,0.48648462,0.8600209,0.81599754,0.83257246,0.7717904,0.52093637,0.73796463,0.60650265,0.7812459,0.83208233,0.7092212,0.70667946,0.8335416,0.84140545,0.7266476,0.68937206,0.7421305,0.77145904,0.69356734,0.71728694,0.84311795,0.61852294,0.85642403,0.81053895,0.57235813,0.8764926,0.7344066,0.8237772,0.81600815,0.711819,0.7890633,0.29659018,0.76512694,0.78501827,0.7933282,0.6519789,0.8488648,0.7473505,0.8375439,0.7881866,0.6198764,0.7473338,0.8548059,0.7197793,0.8198631,0.7906682,0.7365478,0.7593431,0.61154854,0.6699043,0.78183776,0.468524,0.57432693,0.47710264,0.8664939,0.49968556,0.781212,0.66738766
TM036_PDX30_F3,0.8129246,0.7063338,0.9019578,0.8466743,0.6601494,0.93998265,0.7851055,0.7761882,0.91933304,0.9339758,0.8546054,0.6689647,0.94173783,0.9096555,0.8068808,0.33680332,0.9267901,0.8162542,0.9264739,0.8106857,0.909886,0.81404275,0.9638498,0.83276165,0.870335,0.82803315,0.8407367,0.8997756,0.8172058,0.7659038,0.7733109,0.9223828,0.7495799,0.8769119,0.76886076,0.89109755,0.92126936,0.90598434,0.8500828,0.5326694,0.85909104,0.9039302,0.7870364,0.93750435,0.85965633,0.8646056,0.87370366,0.9094947,0.92348933,0.659308,0.59464437,0.72669315,0.7249236,0.7951834,0.81372815,0.90614057,0.9457042,0.96456236,0.78220546,0.7194809,0.8679312,0.79798055,0.870708,0.9423391,0.8355269,0.9196908,0.94264466,0.79181206,0.9064117,0.79390305,0.95136994,0.9058384,0.9458287,0.9271353,0.7262615,0.95561725,0.63817644,0.88569486,0.8374217,0.9440028,0.85366315,0.652131,0.91633314,0.821519,0.9586837,0.8540513,0.95086735,0.8422936,0.8503287,0.94401455,0.9151556,0.9175628,0.89814925,0.9510256,0.7358063,0.89519376,0.9572126,0.9264517,0.9392082,0.89096045,0.94202435,0.8090837,0.9519775,0.8909788,0.87859696,0.86968917,0.95446914,0.9191953,0.95341396,0.73761946,0.5951264,0.49612495,0.7720521,0.8070729,0.83815217,0.93569225,0.9286056,0.8743794,0.70543134,0.8670824,0.67630947,0.72145486,0.9026203,0.75012696,0.850974,0.92579514,0.9023509,0.95535386,0.8334786,0.9622862,0.7700111,0.7522311,0.7752177,0.6479252,0.90868133,0.93257743,0.5378827,0.77752334,0.8162442,0.9473249,0.8467007,0.9448271,0.62354034,0.9606521,0.90410215,0.9387379,0.9005659,0.4421327,0.7985818,0.69484967,0.8469059,0.93193245,0.84535587,0.8203075,0.9475072,0.94215053,0.856436,0.80027694,0.8756586,0.90023756,0.8471484,0.88318634,0.94161713,0.6809921,0.9497114,0.92393476,0.73094183,0.9578487,0.8599429,0.91649365,0.9287257,0.8696322,0.88811874,0.24125311,0.9100543,0.8948747,0.9460728,0.684229,0.946717,0.8716778,0.9387422,0.8980179,0.68888456,0.801148,0.9623564,0.8361785,0.9258352,0.9079234,0.8776444,0.87835234,0.6735298,0.82068324,0.9331288,0.48464262,0.5642153,0.4025435,0.95760435,0.6016219,0.9186738,0.83339804
TM037_PDX32_F3,0.7458543,0.70769364,0.80095375,0.79040116,0.6829701,0.8282728,0.69022167,0.67146194,0.85388607,0.8284909,0.7641359,0.60294527,0.8400132,0.7872838,0.7326502,0.4452719,0.8156374,0.69126034,0.80682343,0.72608715,0.8014695,0.7445848,0.86281896,0.732207,0.7950381,0.76794964,0.7668269,0.7994303,0.71435773,0.6936333,0.74927753,0.7826994,0.69784284,0.79262275,0.7130571,0.81226224,0.851207,0.8065375,0.7035424,0.47514465,0.7747495,0.8275389,0.6659514,0.82107884,0.7614347,0.784571,0.7730803,0.7937468,0.82224715,0.66593045,0.58125234,0.69088733,0.70805967,0.7599046,0.735566,0.78266317,0.8709962,0.84622097,0.7248751,0.60923195,0.7968533,0.69792026,0.7988502,0.7875373,0.6798053,0.79947186,0.8426902,0.7630951,0.8057109,0.7244177,0.84235746,0.74504685,0.8395297,0.7929031,0.6893849,0.8474963,0.65624136,0.7837585,0.7505778,0.819417,0.75495785,0.6352047,0.8278167,0.7407566,0.8759978,0.75114083,0.8694493,0.74768525,0.73000413,0.7980569,0.809185,0.82842344,0.8050012,0.8418147,0.6754298,0.80238044,0.8831656,0.83289325,0.8287428,0.7713157,0.84788793,0.72108054,0.84060484,0.8272482,0.76602215,0.7720768,0.82626957,0.8217094,0.8735925,0.67346984,0.57371765,0.5294481,0.7026311,0.70341176,0.7337254,0.8391387,0.8353897,0.83215123,0.64923,0.80784506,0.6612696,0.65507376,0.75736934,0.72359043,0.7257363,0.81045747,0.81705344,0.8668175,0.7561105,0.86586195,0.69232726,0.7106909,0.72634506,0.6200133,0.81056225,0.8559244,0.67232025,0.72382814,0.73782563,0.8520723,0.759258,0.83384216,0.6226462,0.86276007,0.8204392,0.8364792,0.813409,0.48060164,0.71902007,0.67456096,0.74076414,0.8182509,0.71721864,0.7379567,0.8303961,0.83451825,0.7388178,0.71839917,0.74367046,0.7921739,0.66347295,0.8056704,0.83846724,0.6110797,0.84802306,0.8180267,0.63559693,0.8762175,0.7196531,0.83610296,0.826784,0.7552858,0.76171046,0.38870946,0.77700406,0.75541764,0.79721206,0.67594177,0.86336195,0.74814975,0.835603,0.8341886,0.74447364,0.77184784,0.84323037,0.7165982,0.8431596,0.7927389,0.7058441,0.7861964,0.5619729,0.6505365,0.82509893,0.6059203,0.6806935,0.5813286,0.85583675,0.68245775,0.85187054,0.704159
TM041_PDX37_F2,0.6679868,0.668124,0.73745054,0.68816984,0.6909059,0.84062546,0.55729675,0.6512021,0.8410623,0.76846325,0.6857704,0.57777077,0.8112567,0.7339961,0.6980576,0.44762263,0.834391,0.67377913,0.76039547,0.6525697,0.78510267,0.6821238,0.8014865,0.662019,0.7136166,0.68919724,0.68742985,0.74810714,0.6813778,0.639195,0.7417698,0.8087167,0.65756303,0.78350425,0.7955151,0.79793245,0.82294935,0.7682455,0.7148711,0.45119292,0.67626625,0.75635254,0.6403525,0.76851314,0.68325084,0.7103726,0.74088943,0.7959639,0.7519853,0.6363372,0.59284234,0.6436259,0.6991859,0.6828851,0.672857,0.7461023,0.81707746,0.82869935,0.67409116,0.53172773,0.7255264,0.691357,0.68416244,0.7919412,0.7538818,0.8044812,0.8371383,0.71338576,0.814711,0.6891905,0.82777494,0.74170035,0.82230973,0.7152713,0.65162915,0.8450533,0.65880287,0.8241306,0.6924845,0.86149186,0.7549981,0.6296908,0.791955,0.6892549,0.86969143,0.83017606,0.8365521,0.70677686,0.6698707,0.8248111,0.78441197,0.7654163,0.7730804,0.82327586,0.71053666,0.7578583,0.8362433,0.80006707,0.8104781,0.73843426,0.8180714,0.7207269,0.85143185,0.791582,0.7749002,0.7548227,0.80506516,0.7753342,0.85351455,0.68882513,0.6108026,0.5597075,0.66101027,0.7426347,0.79462093,0.8372054,0.7667999,0.7541303,0.6223593,0.74635816,0.6293085,0.6646198,0.8166311,0.64616585,0.69501007,0.79679626,0.8315303,0.84513867,0.7668347,0.8498142,0.6102029,0.63539904,0.636416,0.59292424,0.77058,0.7982901,0.5860153,0.6781605,0.6859717,0.82631916,0.75606626,0.81946087,0.580501,0.87218136,0.7811323,0.8022898,0.74492294,0.51357335,0.69830567,0.62329245,0.7649684,0.7732496,0.5980948,0.6455444,0.8122124,0.8580296,0.69277424,0.66574234,0.7397911,0.7959851,0.6456331,0.72554505,0.84416527,0.5437541,0.82250935,0.7856787,0.6086494,0.82523715,0.6722775,0.79341674,0.8179294,0.693205,0.8009708,0.4029593,0.7725708,0.68868333,0.82833546,0.57484174,0.8134733,0.7142345,0.8251097,0.7510016,0.6672107,0.7387965,0.8253313,0.6979763,0.7920486,0.7846218,0.7137994,0.73396987,0.5350948,0.66813564,0.8460031,0.5901607,0.63774294,0.56905645,0.84210265,0.6936736,0.7385639,0.6972041
TM049_PDX45_F3,0.75004774,0.6478775,0.81618667,0.7274487,0.6290545,0.85004133,0.63340515,0.6715269,0.83076507,0.851213,0.75223464,0.62944686,0.84026897,0.8063047,0.7143612,0.42989194,0.78999025,0.6887643,0.80949146,0.7376739,0.810529,0.7783748,0.8687547,0.6953317,0.77288514,0.7562753,0.7527136,0.780893,0.7128705,0.71723586,0.7447286,0.74305135,0.62736386,0.7747734,0.76115906,0.8083818,0.7754817,0.8015612,0.724308,0.5531124,0.7500851,0.80451924,0.66724133,0.84236616,0.7987175,0.7734703,0.79323834,0.81996405,0.82466614,0.60842,0.5433489,0.6478836,0.6866549,0.7369784,0.67852193,0.7973407,0.84552765,0.88153815,0.7065521,0.60840416,0.77376556,0.6693695,0.73753506,0.84808415,0.550096,0.76588196,0.8448178,0.69955826,0.8137301,0.694542,0.8708666,0.8035124,0.81845963,0.81079787,0.6901199,0.8767101,0.5978538,0.8002649,0.7430462,0.84923553,0.740775,0.6554716,0.8031323,0.7689033,0.9002672,0.6737188,0.8666252,0.73057324,0.70102805,0.8523985,0.8178799,0.8176366,0.816427,0.83776593,0.6613536,0.7941157,0.87936217,0.8489349,0.81571686,0.7656516,0.84375,0.69328225,0.8644729,0.7879334,0.7951335,0.76803994,0.8375152,0.8318882,0.853352,0.6299628,0.5663162,0.4957307,0.6746269,0.69098264,0.71321076,0.8511256,0.81405437,0.75896156,0.63157517,0.76835686,0.63240254,0.645483,0.7044169,0.67564434,0.7636277,0.8027432,0.82206696,0.88743025,0.7467726,0.86647916,0.65105164,0.65547085,0.68585354,0.6211079,0.80845,0.87740684,0.5693296,0.7126315,0.72380286,0.8534332,0.7360449,0.84323317,0.5632484,0.8615702,0.8112031,0.84316975,0.804089,0.4804007,0.7259512,0.6214365,0.67887235,0.81634974,0.6706294,0.71856624,0.85357505,0.8431713,0.74819714,0.7324609,0.73378754,0.8257951,0.7105038,0.7761711,0.8264889,0.60158247,0.85980344,0.8219415,0.6853576,0.85123795,0.7143756,0.8400363,0.8332135,0.7439099,0.7781529,0.39306548,0.8200448,0.77445966,0.8160696,0.6150097,0.8493403,0.7871594,0.85583526,0.81683075,0.6707048,0.67473173,0.8524914,0.7430867,0.82519376,0.80413437,0.75067216,0.7861769,0.5502032,0.6871461,0.8461833,0.5689129,0.63732415,0.5136362,0.87433577,0.6666815,0.7977435,0.74147946
TM050_PDX46_F3,0.69012207,0.62536085,0.794141,0.6423735,0.5945301,0.90453297,0.64531434,0.6882031,0.8604061,0.8669277,0.7751605,0.5436326,0.8873976,0.83422744,0.791449,0.37340584,0.87462187,0.6955644,0.8717414,0.68682384,0.80599225,0.7357658,0.9197124,0.7432127,0.78571105,0.7513973,0.80826366,0.7961233,0.7461987,0.73405325,0.76113683,0.8394988,0.66499877,0.74414474,0.83505166,0.8531007,0.84185094,0.8816824,0.7576166,0.38591942,0.725996,0.8164801,0.7435015,0.8829901,0.7625136,0.7754738,0.79837334,0.860293,0.8350284,0.5734858,0.5065412,0.53497267,0.7224332,0.7363232,0.79014313,0.8494386,0.8963661,0.9236227,0.6553958,0.48240525,0.81280667,0.6910852,0.6822289,0.9017688,0.7167035,0.8450748,0.889124,0.7003668,0.8663383,0.7345619,0.92046326,0.81274223,0.9035732,0.8715188,0.6429541,0.9285298,0.57764626,0.8930501,0.7837057,0.90514594,0.8208854,0.63139874,0.8687371,0.78648055,0.93894786,0.7983789,0.916232,0.7720506,0.71703446,0.91047245,0.8774614,0.8094946,0.8474361,0.9069424,0.75130874,0.8203833,0.91735893,0.87118787,0.88007087,0.7917933,0.89633805,0.68439835,0.928157,0.83749604,0.84131026,0.7761271,0.90765095,0.86885345,0.92717254,0.5996846,0.51694906,0.4498891,0.68891996,0.69679517,0.7584133,0.8949922,0.86586094,0.8068042,0.62349033,0.8253298,0.7053163,0.67770904,0.81074405,0.6740974,0.74691224,0.8631686,0.87787724,0.94057846,0.8601746,0.91776615,0.5984087,0.5836387,0.6036031,0.57594734,0.84221876,0.90776503,0.44971824,0.66554755,0.76149076,0.91443115,0.76708156,0.9180133,0.48912153,0.9045688,0.86570716,0.92244065,0.8273077,0.47512436,0.7504228,0.6814459,0.7785574,0.8375716,0.64980805,0.7868593,0.8758297,0.9172211,0.7818493,0.68660355,0.85768384,0.8736602,0.75523144,0.8450366,0.9116655,0.6519959,0.9056135,0.8706069,0.606366,0.9061009,0.7810514,0.8606753,0.88071305,0.78752804,0.85709107,0.35403925,0.8401539,0.8230101,0.89010084,0.5948802,0.9120961,0.8103216,0.894897,0.8240071,0.6520781,0.7521693,0.9152133,0.7683183,0.88784194,0.8233679,0.8494327,0.83134884,0.6055912,0.7562347,0.9058041,0.48684898,0.58084816,0.44612303,0.92914397,0.6365649,0.7574553,0.7993573
TM056_PDX52_F3,0.7994856,0.59632474,0.91027814,0.81639844,0.52928364,0.9653314,0.8626367,0.7959593,0.96369666,0.9447363,0.90835965,0.59770715,0.9569078,0.9368906,0.8275938,0.26705745,0.9472131,0.8617554,0.9713964,0.8153756,0.9568376,0.8386469,0.9840446,0.8049436,0.90006644,0.8831572,0.9228268,0.9421812,0.87030417,0.8259856,0.8386717,0.9324421,0.7532388,0.8973926,0.89750487,0.94282836,0.95625305,0.9521325,0.90935445,0.39527565,0.84896725,0.9269418,0.8755792,0.9697877,0.88900864,0.91035765,0.9206911,0.9486591,0.95002544,0.6151105,0.5808184,0.5473232,0.7811711,0.8706944,0.87039906,0.9481982,0.9779533,0.9812721,0.7655438,0.58734226,0.9218986,0.82884914,0.85610133,0.9729217,0.83852893,0.94465125,0.970516,0.7811925,0.95429516,0.77471447,0.97811705,0.93890417,0.9701597,0.96030676,0.7692957,0.98223966,0.5711981,0.9398739,0.8833215,0.96944076,0.9040943,0.675569,0.9530885,0.84828705,0.98668915,0.85610425,0.98078823,0.8977006,0.8802262,0.9759662,0.9514245,0.92281383,0.94681174,0.97730255,0.79718536,0.92903364,0.986047,0.96300423,0.961281,0.90913,0.969288,0.82524365,0.982829,0.95212233,0.9456053,0.9277423,0.9793878,0.9481262,0.98248714,0.71586835,0.5253407,0.4565257,0.701454,0.815609,0.8767281,0.9708621,0.9503744,0.9215341,0.72614884,0.9334845,0.7597529,0.73502487,0.90109223,0.7585509,0.88328224,0.97721267,0.94884235,0.98356426,0.92169315,0.9755539,0.74377304,0.7084017,0.72936535,0.63861215,0.9377615,0.9814206,0.34076026,0.77555335,0.8784605,0.9761568,0.8947236,0.96387845,0.5549257,0.9802966,0.94707745,0.9780873,0.92511004,0.43765676,0.86820626,0.7690631,0.91363233,0.9702447,0.9067476,0.88807744,0.97548646,0.9616129,0.9140222,0.8228087,0.9309186,0.94690573,0.8968315,0.9508858,0.9748113,0.7255633,0.9760176,0.97196746,0.6180437,0.977047,0.90360427,0.95977545,0.9615973,0.8996441,0.9344015,0.15630096,0.94834036,0.93191147,0.9675689,0.7756903,0.977517,0.93170744,0.97655904,0.93173534,0.70591444,0.85772735,0.9783293,0.86710525,0.96693724,0.94672054,0.92953414,0.9291919,0.7834468,0.808759,0.9707966,0.28974524,0.43579486,0.17328827,0.9770991,0.37986878,0.90741384,0.8905919
TM057_PDX53_F3,0.70451415,0.6751932,0.8000874,0.75769913,0.6192602,0.9084778,0.6528002,0.6412393,0.8857102,0.84895015,0.7394598,0.57583374,0.8790303,0.8266766,0.7378922,0.4116489,0.8613699,0.76991093,0.86226547,0.7234834,0.8285899,0.7529553,0.8796764,0.70630807,0.79410994,0.7756149,0.7712627,0.7924835,0.73062056,0.733907,0.7845765,0.8432792,0.7028785,0.78998643,0.8481133,0.85234666,0.8639437,0.85057515,0.74974936,0.5385285,0.72268784,0.8153928,0.73331356,0.86529636,0.7772093,0.79700667,0.7847298,0.8602599,0.8408537,0.6239735,0.5550583,0.5678804,0.6909309,0.7692108,0.73813444,0.82544816,0.9016638,0.9094418,0.6866168,0.53351784,0.8028871,0.73618245,0.7062755,0.88732237,0.7251452,0.8571487,0.8836633,0.7032425,0.8624437,0.76866376,0.8941892,0.8106088,0.87705445,0.8404611,0.6699672,0.92292064,0.6262187,0.8610797,0.75681937,0.89772946,0.784791,0.6608874,0.81995326,0.71818906,0.92719436,0.7422943,0.891355,0.77852035,0.7042327,0.8852055,0.8625323,0.8201045,0.8518072,0.87087363,0.748554,0.8373942,0.9228845,0.8544603,0.8735234,0.809373,0.88317364,0.73949635,0.9007198,0.83708316,0.8427409,0.81691957,0.8535705,0.8440587,0.90831393,0.69102055,0.58374786,0.50692564,0.6432311,0.7094905,0.76719296,0.86648023,0.8502735,0.7405025,0.64550024,0.80272645,0.68792766,0.66817105,0.8052577,0.65582776,0.7721917,0.8537828,0.85124177,0.9099577,0.8356165,0.9118835,0.65497345,0.6515328,0.6564166,0.6192717,0.8289065,0.9057849,0.5171291,0.7044068,0.75548184,0.8977046,0.7757578,0.885863,0.5157665,0.9055782,0.8401414,0.8893897,0.8051862,0.5142738,0.7738046,0.67595273,0.7775279,0.8445839,0.6597504,0.7195983,0.8776705,0.8992804,0.7804449,0.6806805,0.8188813,0.8324908,0.7199994,0.7897385,0.8942563,0.6648272,0.89542854,0.8409372,0.62752426,0.900527,0.7568752,0.8444268,0.8853862,0.765018,0.85103947,0.3391926,0.8383305,0.791756,0.8745162,0.67200696,0.8704666,0.79006344,0.88922477,0.79390705,0.6704683,0.76159835,0.89036095,0.7744432,0.86076707,0.83246267,0.825739,0.8051131,0.6006072,0.73103267,0.89108044,0.5526687,0.66510975,0.5702547,0.90313977,0.64258224,0.7973735,0.7614333
TM068_PDX67_F3,0.74928635,0.65067077,0.8286479,0.76087034,0.6536291,0.8916041,0.7040577,0.6828575,0.8908145,0.8718405,0.7906097,0.58566946,0.8733955,0.8562413,0.733553,0.4255574,0.86352974,0.76126033,0.8803257,0.7104777,0.8343243,0.77853733,0.8975653,0.7032379,0.77034193,0.79364836,0.7564711,0.8217474,0.78901106,0.71576226,0.7841402,0.82387197,0.69196916,0.8044616,0.8326998,0.8501445,0.83919406,0.87665325,0.8026368,0.5759035,0.78971237,0.82744336,0.73538023,0.8658582,0.7830982,0.7939433,0.8055705,0.8334944,0.85977566,0.58422434,0.5759763,0.617617,0.7277212,0.7686264,0.73125786,0.8375202,0.90144753,0.91270995,0.70829636,0.60054624,0.8050987,0.74381346,0.74037826,0.8901967,0.6359257,0.8328027,0.900237,0.7334474,0.85715836,0.72847027,0.9113715,0.83032453,0.8869,0.85611075,0.71491164,0.91505057,0.64565873,0.8093805,0.7512621,0.9044789,0.79872054,0.65727,0.8418695,0.6752189,0.9311603,0.7206771,0.9107208,0.79336256,0.7324669,0.8879852,0.8688243,0.83573,0.8583093,0.8878788,0.6877916,0.835994,0.9088577,0.87850124,0.8762173,0.7945677,0.89477754,0.7575587,0.9235975,0.8584633,0.83144057,0.8336213,0.86470836,0.84880733,0.9130168,0.66756254,0.5547097,0.45788702,0.6684491,0.69590575,0.72487074,0.8760112,0.8471385,0.768594,0.6541748,0.8160646,0.69144577,0.65642333,0.74517465,0.6215809,0.743805,0.8536949,0.8075075,0.9148194,0.7732243,0.9008989,0.6642639,0.7060112,0.70720047,0.63850236,0.8442411,0.90599275,0.50593483,0.7290993,0.765818,0.9046038,0.798919,0.8687613,0.50879407,0.90211356,0.8408842,0.8740779,0.8286664,0.5172586,0.7396886,0.6628584,0.77754825,0.8651834,0.73525137,0.7267024,0.89106965,0.89370316,0.7928841,0.6814059,0.8233859,0.82958144,0.7472108,0.8073279,0.89805865,0.6453423,0.8972523,0.85600525,0.66209173,0.9067082,0.75902313,0.8547423,0.87498325,0.80535686,0.836574,0.41614115,0.8627391,0.8257065,0.8693526,0.6429295,0.87256676,0.7988432,0.9053334,0.79948914,0.65816593,0.73458874,0.9079503,0.7732613,0.86933225,0.82270837,0.8368895,0.8178429,0.5921368,0.7087893,0.8733292,0.529128,0.6318263,0.52896863,0.92416143,0.58463204,0.7832568,0.7606085
TM075_PDX77_F3,0.91112274,0.7474235,0.9630218,0.928786,0.7310201,0.99626803,0.8077715,0.8303224,0.99125946,0.98512167,0.9224164,0.68886685,0.9929392,0.9810414,0.95985335,0.4034495,0.9844352,0.91436493,0.988317,0.8889,0.9845813,0.9408464,0.99527675,0.9154708,0.94604087,0.94506496,0.94962096,0.97608703,0.92319715,0.89441586,0.92143995,0.98330593,0.84850526,0.982828,0.99390393,0.9795639,0.99524915,0.9892096,0.9334089,0.25256518,0.9298091,0.9797912,0.9067986,0.99031895,0.92983353,0.96310407,0.9647792,0.99432904,0.9793591,0.6729037,0.5706484,0.764024,0.8890338,0.8930624,0.8914311,0.9760625,0.99540573,0.9966793,0.82987756,0.5149983,0.9637084,0.86711395,0.9319784,0.99350196,0.96421295,0.9772329,0.99388134,0.8924592,0.99047756,0.9237729,0.9949494,0.9764616,0.99372846,0.97778577,0.81123656,0.997442,0.74195606,0.9964363,0.946535,0.9956842,0.9641748,0.77469224,0.98091716,0.9444289,0.9980377,0.9707987,0.99690145,0.9383786,0.8994533,0.99416447,0.9872836,0.9769148,0.97724026,0.9962987,0.9228311,0.97821546,0.99733806,0.98091865,0.98870564,0.95840126,0.9936282,0.8840742,0.9967679,0.9698111,0.9876254,0.97262126,0.99405485,0.98302925,0.99707,0.7815394,0.5256147,0.4949044,0.8683908,0.9301609,0.9653532,0.99416035,0.98771787,0.9127565,0.80248487,0.94545376,0.8420471,0.8347165,0.980548,0.743636,0.9260347,0.98963326,0.991024,0.99714404,0.99041265,0.99458754,0.8467685,0.8581868,0.8589053,0.7431015,0.9800591,0.99614346,0.3955818,0.84580344,0.9046626,0.99583745,0.9234082,0.993963,0.5395924,0.9963715,0.9825065,0.9928671,0.9677406,0.4618872,0.935613,0.85831165,0.9613875,0.9808497,0.873927,0.94170207,0.9909192,0.9972636,0.951,0.9043753,0.9786858,0.9897432,0.9389875,0.97521454,0.99429244,0.8557672,0.9945991,0.9909916,0.70848644,0.99601763,0.903486,0.981983,0.99407554,0.9529095,0.98372847,0.10766355,0.9752206,0.94703263,0.99445355,0.8237815,0.9957521,0.9743683,0.99534667,0.9809743,0.8413767,0.9637683,0.9964982,0.933918,0.9917217,0.9824249,0.97625196,0.9773947,0.7026245,0.820612,0.9961177,0.5473734,0.6803895,0.66082746,0.995626,0.7589591,0.9729774,0.95248777
p022sTM3.PDX.GoePDX5.F3_KFO_S65_L008_R1_001_counts,0.7281741,0.7162587,0.7925642,0.75903624,0.7170103,0.83537495,0.629609,0.6420296,0.81901985,0.8247681,0.72362316,0.6399559,0.8064308,0.73545533,0.70935184,0.5324457,0.7739369,0.7061916,0.75560474,0.7088795,0.7967169,0.7288296,0.8271107,0.6336525,0.7916505,0.72506446,0.7808624,0.78428197,0.7094883,0.7177877,0.7198268,0.7302647,0.66775846,0.7841729,0.77316815,0.82986134,0.8319142,0.78194946,0.7125853,0.52371687,0.7286733,0.7948805,0.6813135,0.8290298,0.74265754,0.72300464,0.7700807,0.8221472,0.78566575,0.6449409,0.6437876,0.68134344,0.662201,0.6924989,0.6733824,0.7432221,0.81868404,0.8451242,0.7327696,0.60996944,0.76870465,0.7223454,0.72624683,0.78583986,0.6192586,0.765318,0.8059843,0.76094025,0.82564163,0.70845747,0.81849945,0.7813327,0.8080696,0.74454254,0.6837677,0.8260053,0.67775345,0.80303615,0.73681456,0.8297068,0.76078415,0.6936827,0.7941069,0.7508264,0.87262845,0.68298733,0.83101726,0.70279914,0.66836196,0.8495098,0.78691924,0.80843574,0.78305554,0.82770866,0.7541919,0.78900325,0.8361101,0.78859764,0.78842443,0.72989357,0.8179461,0.7341107,0.8326144,0.76447994,0.75781125,0.72782695,0.76402044,0.7871583,0.80407387,0.693013,0.63228804,0.6582316,0.7079861,0.67685133,0.688985,0.82860225,0.7784213,0.7913429,0.6877948,0.76511914,0.70109254,0.69045025,0.70269513,0.73505294,0.7595758,0.80328816,0.8193424,0.8459915,0.8017523,0.83842874,0.6602432,0.70426166,0.6793255,0.66825134,0.775627,0.8168017,0.68979305,0.7410983,0.6907128,0.8306999,0.7709945,0.80888265,0.6123312,0.8400514,0.77340513,0.8187616,0.78051484,0.53599465,0.7436647,0.67183816,0.68908566,0.7738305,0.666577,0.7423918,0.818503,0.8155187,0.7719252,0.70114833,0.7332022,0.7943978,0.69638866,0.7882969,0.83895034,0.66589105,0.82598984,0.7887123,0.6628767,0.8397744,0.6799998,0.79976636,0.8209962,0.69900596,0.7709908,0.42267627,0.78447384,0.7274626,0.79350746,0.64222795,0.82913995,0.74594456,0.80697495,0.78715694,0.74029756,0.6788563,0.81732464,0.7126495,0.80814207,0.80976146,0.75623596,0.7808929,0.5659974,0.64514387,0.7995903,0.6113963,0.6677848,0.63409334,0.83879286,0.6763821,0.8013085,0.7412138
p025sKFO.TM82.PDX.GoePDX88.F3_KFO5002.CP1_S40_merged_counts,0.698607,0.64974076,0.75106907,0.7420719,0.71551985,0.8863109,0.67871153,0.6540015,0.86690974,0.82260484,0.7450635,0.5550023,0.8492738,0.8018589,0.7717888,0.4412181,0.7974577,0.7443518,0.83305645,0.67436814,0.83205557,0.7628313,0.88256127,0.70256084,0.7829163,0.7236876,0.7143236,0.80462307,0.7495853,0.69680786,0.70025146,0.82221556,0.6994801,0.8025473,0.8387522,0.8210995,0.8610251,0.83558685,0.7562602,0.46757194,0.7347707,0.82250077,0.64705443,0.8481267,0.73499095,0.79542434,0.73253614,0.82227933,0.815341,0.6394171,0.52774525,0.660301,0.6979414,0.70059055,0.67191327,0.8179063,0.87610227,0.8594824,0.7110423,0.63411254,0.79632664,0.69323987,0.73311883,0.84601986,0.74933594,0.7708292,0.8772196,0.72795194,0.8366116,0.7339447,0.85597163,0.7788569,0.8344406,0.7770353,0.61872596,0.90869415,0.63546515,0.8314382,0.6855029,0.8804104,0.80768234,0.61381775,0.8336096,0.71097493,0.9077379,0.8073098,0.86800164,0.7645727,0.71409494,0.82602555,0.8464644,0.8100178,0.81779766,0.87448925,0.6948753,0.84726024,0.89619964,0.8200175,0.82396805,0.8000549,0.8658299,0.7935081,0.89313185,0.82678956,0.8290031,0.8066327,0.8477125,0.838927,0.8717137,0.7693266,0.59130037,0.5368622,0.69749844,0.7381714,0.82082057,0.8448726,0.82787955,0.8168001,0.6713827,0.7669713,0.66503704,0.68868023,0.81357956,0.66225415,0.7474692,0.8320167,0.8534508,0.89040524,0.77716255,0.8923199,0.66833687,0.697637,0.6563255,0.59500337,0.81131667,0.8819719,0.56772727,0.7189206,0.7842912,0.8709742,0.7717522,0.84150577,0.53981304,0.87616813,0.81617475,0.8493519,0.8109424,0.5329859,0.74675894,0.61412513,0.80659485,0.85487133,0.7206871,0.69380337,0.82890195,0.89833915,0.7122345,0.6788684,0.738539,0.8141641,0.6851996,0.74974567,0.86745113,0.6053083,0.8598228,0.8555333,0.6568994,0.8726969,0.70812577,0.8483374,0.87083244,0.7413397,0.8288294,0.3590765,0.778428,0.7483737,0.87136704,0.67262626,0.82890534,0.7612359,0.8527658,0.75422084,0.6918455,0.7693791,0.8501718,0.7378149,0.83096236,0.8269335,0.82412505,0.78898686,0.570988,0.7253926,0.8668344,0.5054358,0.56102896,0.4583783,0.91299725,0.6288442,0.80241567,0.7585926
p025sKFO.TM84.PDX.GoePDX89.F3_KFO5002.CP1_S41_merged_counts,0.85293967,0.65272886,0.92626965,0.83261055,0.67646086,0.9674103,0.8033205,0.72717947,0.9159799,0.95515865,0.8582697,0.5088916,0.9481084,0.9014508,0.81785625,0.37241203,0.95961523,0.7775354,0.9460704,0.79016334,0.9631036,0.81852055,0.9662311,0.81743056,0.8784216,0.87399983,0.8649118,0.9330066,0.83396286,0.822412,0.82519,0.938972,0.77789694,0.90728635,0.92675006,0.8998057,0.949152,0.9368447,0.83474433,0.4347195,0.88443935,0.9124702,0.8332046,0.94276977,0.8572884,0.8619288,0.91837484,0.9479696,0.9303691,0.62767744,0.50488067,0.66981095,0.783068,0.82645553,0.8669812,0.927792,0.9680312,0.97627735,0.7533687,0.5955664,0.87145376,0.8075473,0.909068,0.9623229,0.86935097,0.9386068,0.95649,0.831006,0.9497087,0.82454723,0.95849925,0.9170713,0.9490651,0.9093289,0.8368356,0.9830745,0.6959256,0.9581358,0.86117333,0.96661025,0.8810494,0.6597859,0.94268155,0.8579595,0.981013,0.9086436,0.97295326,0.86452276,0.77456665,0.96374273,0.9494515,0.8993605,0.9344151,0.97465897,0.81122875,0.9024781,0.97738254,0.9522645,0.9461711,0.8734058,0.9611935,0.8553568,0.97649175,0.9301137,0.931726,0.8762219,0.9599463,0.9242829,0.97650075,0.71360874,0.5120052,0.48294124,0.76896966,0.84677005,0.88570035,0.9616307,0.93516254,0.77597564,0.7105864,0.890558,0.73796993,0.708862,0.92308426,0.7750539,0.86527365,0.9502779,0.91902304,0.9742791,0.919576,0.9764964,0.7832432,0.8301146,0.8012979,0.6386582,0.9099928,0.9790425,0.36574668,0.7221067,0.8403024,0.9706568,0.843964,0.9709007,0.56775147,0.97229314,0.9264377,0.9656641,0.8984019,0.48532254,0.8163531,0.74848664,0.9032767,0.94038934,0.79704916,0.82627285,0.96054447,0.97151107,0.8705037,0.76901037,0.93268275,0.94245666,0.85099465,0.9076669,0.9686037,0.7343652,0.97253996,0.9455946,0.6566113,0.9737814,0.8634372,0.93920636,0.95145214,0.8846122,0.9521734,0.30211273,0.9259903,0.91795063,0.96335465,0.70901686,0.9669959,0.92898947,0.957677,0.9131871,0.7332911,0.88766813,0.96839446,0.85449064,0.9586423,0.91506714,0.8636119,0.9124223,0.75281173,0.79310423,0.9729053,0.68067086,0.7644322,0.6202673,0.9707634,0.84945786,0.9036413,0.7866885
p027sTM3GoePDX5.ctrl_KFO.CP1_S5_counts,0.7574919,0.7572914,0.8208769,0.7829225,0.7410643,0.85122097,0.66861206,0.66658354,0.84845084,0.84527534,0.7431601,0.6485353,0.82242775,0.77912503,0.706122,0.5645747,0.8070499,0.73621535,0.79099834,0.7225256,0.8309888,0.75548196,0.85372114,0.6522082,0.8275117,0.7478431,0.7661163,0.8004886,0.752929,0.7122193,0.7272582,0.75229484,0.6790338,0.8207725,0.80992293,0.86033726,0.84827405,0.8136777,0.72756684,0.5487474,0.77948034,0.8255877,0.7158027,0.8365291,0.7839332,0.74483705,0.77094144,0.8176796,0.8201594,0.65690273,0.666329,0.7093635,0.68825966,0.7361102,0.68201816,0.783717,0.84184426,0.8723598,0.74233854,0.6586268,0.7914091,0.75911343,0.78176373,0.82305586,0.6263624,0.77440643,0.84109557,0.7854773,0.8517588,0.72930586,0.83939195,0.80000097,0.82101935,0.78521407,0.71477187,0.8316239,0.725688,0.8136688,0.7481373,0.853096,0.76991016,0.703721,0.81656903,0.74708927,0.885675,0.6921744,0.8366722,0.7290103,0.6857147,0.86620724,0.8026979,0.825942,0.807821,0.8580966,0.757793,0.82002735,0.8582736,0.81575924,0.80165565,0.7379786,0.8344926,0.74676955,0.8652648,0.80652416,0.78948003,0.7507659,0.7936754,0.8024919,0.8394261,0.7000804,0.6534681,0.68000716,0.7440227,0.70808035,0.69733304,0.84633,0.80702233,0.787097,0.69044465,0.7866534,0.70423675,0.6732465,0.69387615,0.7437456,0.79273933,0.8378444,0.8161323,0.85835934,0.79749584,0.860228,0.7179965,0.73008674,0.7340977,0.6863433,0.78890425,0.8415663,0.7223898,0.77589697,0.7062427,0.8461427,0.8016551,0.8351479,0.62314606,0.8679002,0.7952742,0.82814336,0.80228645,0.54649144,0.75369215,0.6690919,0.71087813,0.80741346,0.66269815,0.7248062,0.8394439,0.8422827,0.7761597,0.7303479,0.7550618,0.79217637,0.6980615,0.7920517,0.85739034,0.6730202,0.8505711,0.8110435,0.68018377,0.85943204,0.6945643,0.82806027,0.85114104,0.7298108,0.78399223,0.4069823,0.82079726,0.742456,0.82265097,0.6686705,0.8529351,0.7716638,0.8406303,0.7854959,0.78926194,0.6887329,0.8330713,0.744236,0.84078324,0.8306515,0.77568907,0.7992247,0.53820443,0.6335505,0.8096684,0.613859,0.6882838,0.6496328,0.8661857,0.7208979,0.84339947,0.77275693
p027sTM73GoePDX74_KFO.CP1_S1_counts,0.9125839,0.81941694,0.9535828,0.91657394,0.82262814,0.9754646,0.8072788,0.8362506,0.9715736,0.9602744,0.9113339,0.7109372,0.96715695,0.9449643,0.9128264,0.56061226,0.96085036,0.86840606,0.9680397,0.86869323,0.9623628,0.89654845,0.9797889,0.8715299,0.9315908,0.8905189,0.9313669,0.9453115,0.9027536,0.87113965,0.8663145,0.95360035,0.7788113,0.9522813,0.93908036,0.9627969,0.9839389,0.9554297,0.89110076,0.41562247,0.9203555,0.96431595,0.8556096,0.9590074,0.88718045,0.91449064,0.93380195,0.96476024,0.9488098,0.7238761,0.67920697,0.8123488,0.8536903,0.88854384,0.8258287,0.92590284,0.97212416,0.9722644,0.8727755,0.6641214,0.9476471,0.8813365,0.92562133,0.9568727,0.90183485,0.9435124,0.97120255,0.90301406,0.9672746,0.8866558,0.9808256,0.9298722,0.9746648,0.9488058,0.8119107,0.98314154,0.7864016,0.96949977,0.92012984,0.9746842,0.9491017,0.7545467,0.9600978,0.90532726,0.9861833,0.9352484,0.9769685,0.91722655,0.8911355,0.96229064,0.95814586,0.9498934,0.94214535,0.979686,0.88256866,0.94387954,0.9834281,0.9577537,0.9598455,0.9572848,0.9675476,0.91054654,0.981071,0.94858944,0.9572122,0.9412369,0.97123355,0.963724,0.9808413,0.84902555,0.73677903,0.6899106,0.8225986,0.8789279,0.9351264,0.97012633,0.9508061,0.9516647,0.8182805,0.93977755,0.83749294,0.8332225,0.94569165,0.79397696,0.8920442,0.96936506,0.97300917,0.9816394,0.9363957,0.97793907,0.84672964,0.82287246,0.84443694,0.74128646,0.9402274,0.9833969,0.74030113,0.858037,0.8720197,0.97586834,0.9186607,0.96846646,0.6437067,0.97598416,0.94228786,0.97019756,0.9496328,0.519347,0.9091251,0.80998534,0.9296069,0.97021085,0.8679732,0.88069326,0.96733594,0.97963333,0.9236151,0.866723,0.93235165,0.960128,0.8500077,0.9520859,0.9752939,0.79989594,0.9732565,0.96925014,0.72944707,0.97753906,0.8833575,0.9583555,0.9706867,0.8873805,0.9509985,0.20947292,0.9571446,0.91331106,0.9730714,0.77923703,0.9766969,0.9011841,0.9744209,0.9499414,0.87745327,0.92437714,0.9788705,0.89226013,0.9679977,0.96194714,0.91220975,0.95642155,0.77614653,0.8550346,0.9693626,0.56238735,0.66371,0.4900854,0.9787178,0.686163,0.95908326,0.9268498
p027sTM76GoePDX78_KFO.CP1_S2_counts,0.8567936,0.7881541,0.9131229,0.9054999,0.820353,0.90445143,0.74235654,0.74896157,0.9386184,0.9152903,0.86531293,0.6886464,0.9341429,0.8917247,0.7610954,0.47644836,0.8968928,0.8281152,0.93064255,0.82361203,0.92625743,0.8559831,0.9540059,0.8070093,0.9052975,0.8151709,0.84877294,0.90888256,0.83485,0.77381605,0.81136674,0.8925133,0.78206295,0.90702254,0.78605866,0.91595227,0.93221563,0.89861524,0.852277,0.43362516,0.89233196,0.9160089,0.7977507,0.90567183,0.88457304,0.8726155,0.8649668,0.8582478,0.91650844,0.75096166,0.6714218,0.8091281,0.751594,0.8333446,0.74643695,0.8722868,0.93588895,0.94522214,0.82488203,0.6602029,0.8745236,0.8429353,0.8973875,0.89894605,0.76529616,0.90720135,0.9372249,0.8539703,0.90974045,0.7930217,0.9350947,0.8615175,0.92175937,0.905476,0.8142357,0.9334903,0.7912535,0.84182286,0.8424068,0.92512304,0.8524937,0.7423933,0.8944237,0.7889169,0.95920104,0.8239804,0.9412982,0.8486166,0.84019196,0.92035824,0.8733913,0.9113849,0.90046287,0.9418132,0.79809445,0.8883806,0.94956976,0.9281766,0.9013732,0.88268495,0.934135,0.8482541,0.93524456,0.89146954,0.8683668,0.87365,0.9225652,0.9073121,0.93324214,0.79839784,0.68997407,0.6593024,0.81475,0.81487656,0.843065,0.9319442,0.9180388,0.92728287,0.73396283,0.8583124,0.77085257,0.76051277,0.8510704,0.795334,0.86326814,0.92926174,0.88213664,0.94932425,0.8438395,0.9417997,0.81107634,0.84204376,0.83226705,0.7142741,0.8787438,0.9424075,0.7854067,0.85168386,0.81804454,0.9292369,0.88916165,0.92412394,0.7090822,0.9378573,0.8969389,0.92047817,0.90468365,0.50481784,0.8119954,0.7162528,0.8525067,0.90702385,0.75313735,0.8028571,0.92477036,0.91603416,0.845438,0.8303563,0.8559848,0.87134385,0.79290074,0.8632457,0.9335633,0.67416596,0.92986476,0.91279644,0.74911815,0.9490679,0.8535268,0.9260606,0.9235301,0.80696166,0.856582,0.3127345,0.9035726,0.8373201,0.9018384,0.70417225,0.9374109,0.8780543,0.9323866,0.914449,0.85154194,0.8297806,0.9425685,0.8515231,0.9133658,0.8959253,0.8667891,0.85987484,0.7294277,0.8202234,0.8941909,0.5918257,0.7247661,0.63254243,0.94606,0.69091535,0.92111415,0.82820565
p027sTM80GoePDX84_KFO.CP1_S3_counts,0.7386389,0.6593075,0.8643371,0.7904561,0.65420026,0.8961751,0.79469305,0.74185395,0.9009326,0.8831133,0.8174554,0.5741453,0.9026714,0.8505198,0.74118966,0.4559452,0.8954191,0.78777206,0.9201745,0.71762997,0.90984696,0.74159664,0.93775725,0.7137877,0.84357494,0.80568355,0.8315858,0.85416675,0.8043926,0.7612538,0.7513494,0.86034465,0.6922411,0.83694446,0.8561715,0.8676748,0.8961618,0.8812559,0.8030195,0.4187989,0.77783763,0.85091835,0.7764831,0.9021937,0.85597014,0.8497501,0.837075,0.8752777,0.8960475,0.58370113,0.5846978,0.63043904,0.72935444,0.79377717,0.7914383,0.8591123,0.91500825,0.934854,0.7094711,0.5186698,0.8539987,0.8013224,0.7784184,0.9141696,0.7886116,0.8742077,0.909962,0.75004387,0.89952445,0.7494461,0.9277604,0.8800273,0.92172104,0.88879454,0.7313078,0.93854797,0.6052543,0.8535278,0.78203064,0.90505433,0.8227484,0.646639,0.88536423,0.78107095,0.94319516,0.76810133,0.9181378,0.8095135,0.7808719,0.9054787,0.89158356,0.82003933,0.8905415,0.9246504,0.72807133,0.8578734,0.942455,0.91417474,0.89613515,0.8276111,0.92101496,0.787783,0.93599045,0.88473904,0.87720114,0.8427629,0.9242134,0.8743112,0.9362599,0.72145736,0.5983432,0.5314235,0.7012506,0.7604068,0.79162794,0.92156357,0.8701772,0.86519027,0.67427146,0.80737096,0.7051205,0.6376595,0.83733326,0.7173022,0.82443786,0.9198463,0.85449696,0.9347774,0.80562896,0.9386692,0.69109863,0.6490825,0.7200148,0.62569046,0.8351872,0.92156047,0.49249017,0.74499154,0.7683161,0.9195434,0.8127525,0.9066748,0.5223537,0.92784184,0.86623013,0.9071408,0.83838487,0.5164807,0.7907904,0.69484997,0.81684375,0.91450727,0.82691765,0.76499355,0.9171086,0.9178004,0.8232164,0.7258433,0.8579524,0.86168426,0.7930322,0.81542945,0.9268041,0.72009397,0.9306554,0.89857316,0.6060746,0.9210383,0.80182,0.8804057,0.91313833,0.81277966,0.88276035,0.2509871,0.87747747,0.8366597,0.9118419,0.715586,0.92531997,0.84653634,0.9158449,0.813259,0.73753196,0.7541712,0.9308728,0.7870335,0.90229046,0.88869584,0.8366051,0.84400433,0.68473756,0.7336502,0.90565115,0.43894577,0.46742392,0.30800796,0.9294864,0.50806344,0.8186371,0.81896454
p027sTM88GoePDX96_KFO.CP1_S4_counts,0.8255731,0.70307267,0.8934874,0.814912,0.70211697,0.94686496,0.75094664,0.7819835,0.93893963,0.91007274,0.8382194,0.6042942,0.93101054,0.89061546,0.86302555,0.45810613,0.9203476,0.79905605,0.92008835,0.7716261,0.9057645,0.83384347,0.95340466,0.8022653,0.8602957,0.81219923,0.87153304,0.88166434,0.84953636,0.80874664,0.795959,0.907899,0.7061932,0.9004669,0.88685757,0.90810806,0.95300215,0.9167426,0.83313644,0.37374514,0.85134095,0.913561,0.7758217,0.91990364,0.7865872,0.84581673,0.87570786,0.9250367,0.8844882,0.6253158,0.59761494,0.68844235,0.7864178,0.82645994,0.7614535,0.8826918,0.93964964,0.9341589,0.79853094,0.5628086,0.8803192,0.78200835,0.8275685,0.9197211,0.8319806,0.8949782,0.9401529,0.83164746,0.93213546,0.82388586,0.94967204,0.8811619,0.938341,0.90355897,0.70430464,0.95710444,0.67682767,0.931577,0.84987587,0.9408342,0.898058,0.67000335,0.92529523,0.83975935,0.9620487,0.8752291,0.94850194,0.84536797,0.8219346,0.9223979,0.9135271,0.89660186,0.89558035,0.95358235,0.79838675,0.90013057,0.95975006,0.9169027,0.9247435,0.905009,0.9394643,0.8556228,0.95177853,0.90621334,0.9027743,0.88585895,0.94383144,0.91829425,0.95429975,0.77687466,0.6339069,0.58587885,0.74263316,0.8013558,0.8800299,0.93905723,0.90163636,0.8986804,0.7374819,0.87995845,0.7378764,0.7625306,0.8985422,0.67944235,0.8295424,0.9340347,0.93750685,0.95644087,0.8833676,0.9485095,0.7596691,0.7423428,0.73844314,0.649935,0.8764897,0.95211834,0.6046736,0.75895095,0.822194,0.93971205,0.8520628,0.93592596,0.5873552,0.9512685,0.90110004,0.9385734,0.8982722,0.49173385,0.84784484,0.72412395,0.87066656,0.9327223,0.8061162,0.8143463,0.9304904,0.95378095,0.87950605,0.7728491,0.88768774,0.91865766,0.7960878,0.9040112,0.94221884,0.7173161,0.94846725,0.93434876,0.6627189,0.95162374,0.8099554,0.90947795,0.9380849,0.82984775,0.90371406,0.25987318,0.90653825,0.8604071,0.93372756,0.6916594,0.9417538,0.8482658,0.940778,0.90249825,0.7823351,0.86283123,0.9455816,0.8050172,0.9307499,0.9082319,0.85098356,0.89939725,0.7219718,0.760025,0.9311212,0.5189593,0.5831636,0.4271514,0.9493643,0.59243333,0.90046585,0.8648743
pKFO.003sTM12_PDX_GoePDX15.F3_Hessmann_S26_L006_R1_001_counts,0.87811965,0.7339003,0.9654648,0.9399087,0.69423974,0.99281645,0.94674283,0.87836146,0.99421674,0.9853132,0.9555006,0.6336177,0.988634,0.98381764,0.95127803,0.2398455,0.98041844,0.939584,0.9925041,0.88120216,0.98615,0.9425514,0.99547267,0.9351441,0.9489121,0.92754817,0.97054225,0.9820634,0.9165811,0.90869945,0.8838687,0.9846379,0.8382051,0.98138535,0.96077627,0.9800769,0.9966184,0.9792027,0.9590864,0.31070867,0.91002244,0.9866105,0.91677946,0.9915421,0.93377113,0.97171223,0.97299373,0.98692566,0.98372364,0.7174882,0.601417,0.6403831,0.83281904,0.9242184,0.8518571,0.98435414,0.9933056,0.9958615,0.81096923,0.6729494,0.9784585,0.84760404,0.93429744,0.99159276,0.9588277,0.987523,0.9924017,0.9258069,0.9850358,0.91161,0.99480265,0.97491294,0.9912443,0.9875625,0.7142179,0.9961132,0.70920354,0.9907453,0.94906306,0.99320394,0.9735233,0.49440277,0.9866901,0.91309935,0.99787766,0.9727437,0.9956642,0.9594351,0.956682,0.9892527,0.99368924,0.9867781,0.97537404,0.9949432,0.8671168,0.9825868,0.996605,0.99247235,0.9917608,0.96577007,0.9935794,0.9345148,0.9956613,0.9859851,0.97852916,0.97673017,0.9948923,0.9908826,0.9965269,0.8809403,0.56177086,0.45176333,0.83559704,0.919608,0.9675767,0.9928734,0.9894337,0.9715915,0.86328995,0.9882284,0.7830729,0.85172415,0.98443115,0.7720076,0.9359123,0.99365246,0.9901868,0.9948663,0.9831644,0.99450123,0.798746,0.8195862,0.82317567,0.57321984,0.9873219,0.99735993,0.4466826,0.8237589,0.97352535,0.9956378,0.94783264,0.99086255,0.5680883,0.9966687,0.9897253,0.99373585,0.981141,0.42390314,0.9267238,0.7852934,0.9683708,0.9925135,0.9541548,0.9612907,0.9944229,0.9934816,0.9589491,0.9072201,0.9707472,0.98993254,0.9150561,0.9800623,0.99425244,0.7901628,0.99341077,0.99248976,0.7214636,0.9976208,0.9498052,0.9911652,0.9930563,0.9394504,0.98559386,0.06075761,0.9776012,0.9833821,0.9862408,0.8427804,0.995557,0.964413,0.9932459,0.97595465,0.80732894,0.9637129,0.9966347,0.9442767,0.9907525,0.98371464,0.96454304,0.9723176,0.7267753,0.86903936,0.9918845,0.29588354,0.48866543,0.3232294,0.99612623,0.2055957,0.98847723,0.9426211
