,Camptothecin,Vinblastine,Cisplatin,Cytarabine,Docetaxel,Gefitinib,Navitoclax,Vorinostat,Nilotinib,Olaparib,Axitinib,AZD7762,SB216763,KU-55933,Afatinib,Staurosporine,PLX-4720,NU7441,Doramapimod,Wee1 Inhibitor,Nutlin-3a (-),Mirin,PD173074,ZM447439,Alisertib,RO-3306,MK-2206,Palbociclib,Dactolisib,Pictilisib,AZD8055,PD0325901,Obatoclax Mesylate,5-Fluorouracil,Dasatinib,Paclitaxel,Crizotinib,Rapamycin,Sorafenib,BI-2536,Irinotecan,Oxaliplatin,BMS-536924,GSK1904529A,Tozasertib,PF-4708671,PRIMA-1MET,Erlotinib,Niraparib,MK-1775,Dinaciclib,Gemcitabine,Bortezomib,GSK269962A,SB505124,Tamoxifen,Fulvestrant,EPZ004777,YK-4-279,Daporinad,BMS-345541,AZ960,Talazoparib,XAV939,Trametinib,Dabrafenib,Temozolomide,AZD5438,IAP_5620,AZD2014,AZD1208,AZD1332,Ruxolitinib,Linsitinib,Epirubicin,Cyclophosphamide,Pevonedistat,Sapitinib,Uprosertib,LCL161,Lapatinib,Luminespib,Alpelisib,Taselisib,EPZ5676,SCH772984,IWP-2,Leflunomide,Entinostat,OSI-027,LGK974,VE-822,WZ4003,CZC24832,AZD5582,GSK2606414,PFI3,PCI-34051,Wnt-C59,I-BET-762,RVX-208,OTX015,GSK343,ML323,Entospletinib,PRT062607,Ribociclib,AGI-6780,Picolinici-acid,AZD5153,CDK9_5576,CDK9_5038,Eg5_9814,ERK_2440,ERK_6604,IRAK4_4710,JAK1_8709,AZD5991,PAK_5339,TAF1_5496,ULK1_4989,VSP34_8731,Selumetinib,IGF1R_3801,JAK_8517,AZD4547,Ibrutinib,Zoledronate,Acetalax,Carmustine,Topotecan,Teniposide,Mitoxantrone,Dactinomycin,Fludarabine,Nelarabine,Vincristine,Podophyllotoxin bromide,Dihydrorotenone,Gallibiscoquinazole,Elephantin,Sinularin,Sabutoclax,LY2109761,OF-1,MN-64,KRAS (G12C) Inhibitor-12,MG-132,BDP-00009066,Buparlisib,Ulixertinib,Venetoclax,ABT737,Afuresertib,AGI-5198,AZD3759,AZD5363,AZD6738,AZD8186,Osimertinib,Cediranib,Ipatasertib,GDC0810,GNE-317,GSK2578215A,I-BRD9,Telomerase Inhibitor IX,MIRA-1,NVP-ADW742,P22077,Savolitinib,UMI-77,WIKI4,Sepantronium bromide,MIM1,WEHI-539,BPD-00008900,Foretinib,BIBR-1532,Pyridostatin,AMG-319,MK-8776,Vinorelbine,VX-11e,LJI308,AZ6102,GSK591,VE821,AZD6482,AT13148,BMS-754807,JQ1,Cetuximab,Doxorubicin,Etoposide,Bleomycin,Bicalutamide,Bleomycin (50 uM),Pemetrexed,AICA Ribonucleotide
X-1199,0.866254,0.7834468,0.9238916,0.8721666,0.7448753,0.9405029,0.8078691,0.8694736,0.9471181,0.9508695,0.9133743,0.6989865,0.95882124,0.9434143,0.81501293,0.43514258,0.95584613,0.8608649,0.9508328,0.852758,0.9359794,0.8886343,0.9571414,0.89310455,0.91224056,0.886714,0.8849278,0.9235469,0.8379234,0.84475636,0.86394393,0.90714127,0.7541643,0.9034695,0.8678102,0.9319168,0.9498248,0.92255926,0.87951386,0.7221538,0.888625,0.93164676,0.8075548,0.94811004,0.93498397,0.9212413,0.904288,0.9324597,0.9365628,0.7879504,0.5717265,0.74782354,0.829885,0.8959573,0.73110473,0.92518425,0.9630998,0.9651097,0.84855586,0.7663769,0.9180029,0.8288359,0.8940784,0.94021714,0.7714035,0.9331502,0.9558243,0.8468893,0.95456666,0.7990884,0.9643115,0.9031341,0.94750416,0.9276045,0.84235644,0.9676377,0.76623267,0.88700193,0.8955308,0.95223063,0.88100475,0.7821968,0.93211955,0.8346567,0.96663815,0.83961517,0.9545309,0.8927028,0.86315227,0.94486445,0.95161235,0.93769145,0.9236471,0.9643405,0.8005135,0.92403203,0.96840256,0.9527623,0.941878,0.8738892,0.9696594,0.83269435,0.9784301,0.92795867,0.9217275,0.9018836,0.9441207,0.9394851,0.9611646,0.78513205,0.54494876,0.5547153,0.8259657,0.84914076,0.8694792,0.96016073,0.9292682,0.8873681,0.80969906,0.9096614,0.79993665,0.7841876,0.8765225,0.7520268,0.87795407,0.9542087,0.9288389,0.9625427,0.8816922,0.95621,0.77741706,0.82330215,0.832155,0.6921707,0.92819715,0.9601909,0.65561855,0.8556799,0.90575683,0.9614652,0.8682611,0.95160884,0.6722748,0.96812177,0.93579924,0.9537651,0.9206969,0.58969903,0.85815763,0.7941434,0.86314327,0.94180995,0.8325496,0.8712364,0.9470254,0.95511,0.89654934,0.8236905,0.9017394,0.92049474,0.8697205,0.90402436,0.9592029,0.67604375,0.9683147,0.9452777,0.8167012,0.9598335,0.8812452,0.95233196,0.9610747,0.8856174,0.9348314,0.24904391,0.9356843,0.9095914,0.94915265,0.69521236,0.96295685,0.90999115,0.959669,0.91630447,0.81534606,0.8394873,0.9605555,0.8861883,0.94885284,0.9271971,0.88886786,0.92123854,0.749142,0.8962695,0.94398206,0.6304356,0.784917,0.6125131,0.96093726,0.8022238,0.8895822,0.848076
X-1289,0.8427222,0.77954143,0.9189908,0.87896353,0.7173874,0.938405,0.8286941,0.8212898,0.95050466,0.94881064,0.90654534,0.7097737,0.95486784,0.94632804,0.7858159,0.44398132,0.9417913,0.8698222,0.94522804,0.8335716,0.93232656,0.8767589,0.9551882,0.8868229,0.8979441,0.89316547,0.8639843,0.9142467,0.82392037,0.8168676,0.87890685,0.899507,0.73697156,0.8998462,0.8585141,0.9412298,0.9462697,0.9133187,0.8711138,0.7815618,0.8770967,0.9168899,0.79965043,0.9408537,0.93438977,0.9153732,0.898386,0.9293258,0.9359206,0.75910187,0.57837784,0.65047646,0.79033726,0.8922076,0.76144105,0.92220044,0.95510817,0.96475494,0.8266803,0.7344197,0.91637284,0.8371472,0.8736911,0.9350621,0.76536465,0.92650664,0.9556552,0.8360951,0.948058,0.79300594,0.9623563,0.89478225,0.94893485,0.92776334,0.7743863,0.9657003,0.7614493,0.88217854,0.8872618,0.9507384,0.8576856,0.76407456,0.92805135,0.8173568,0.9666395,0.8405974,0.9463522,0.87838715,0.8627734,0.9421445,0.9429289,0.9211442,0.9159047,0.9634476,0.8172652,0.9225457,0.9653378,0.9421224,0.93693554,0.8780259,0.9589924,0.8432337,0.9663316,0.9258168,0.93141425,0.8983801,0.94104016,0.93960124,0.9590653,0.7754847,0.5278799,0.5859632,0.81031036,0.84497786,0.86291975,0.96386015,0.9352066,0.90203977,0.80607253,0.9098823,0.77585083,0.7751158,0.8813556,0.7515747,0.85973996,0.9451768,0.9065685,0.96175927,0.8703142,0.95472103,0.74826795,0.7905653,0.7705305,0.65935767,0.9243985,0.9600688,0.6242785,0.8627761,0.9011883,0.95663786,0.85328335,0.94926876,0.61087483,0.96863,0.92820317,0.95625377,0.92262655,0.55619156,0.8533227,0.7760765,0.8622539,0.937895,0.8275314,0.85772556,0.9425084,0.94926906,0.8827106,0.8263611,0.8940602,0.91875637,0.8386657,0.9009269,0.95245755,0.68892366,0.9643678,0.93752295,0.77380276,0.95368373,0.8797776,0.93795395,0.95779747,0.8765846,0.928678,0.24090338,0.9322388,0.8932319,0.9432415,0.6986701,0.95294464,0.9075205,0.9582067,0.91793793,0.8024661,0.8394302,0.9511171,0.8711198,0.9333484,0.9240329,0.89633113,0.90425885,0.7443226,0.9014035,0.9373246,0.5053513,0.67433333,0.46848288,0.95461273,0.6561662,0.88513917,0.8312782
X-1317,0.8332887,0.7623458,0.9262718,0.87475026,0.702581,0.9436122,0.83704716,0.8451544,0.9519738,0.95090514,0.90026116,0.7381715,0.956981,0.94720596,0.8209224,0.4180577,0.9441719,0.86035186,0.94398373,0.8135335,0.94185895,0.8800221,0.9629909,0.88421714,0.88597196,0.8933057,0.8930855,0.9315571,0.83349824,0.8384498,0.85846823,0.9029064,0.7518124,0.9065435,0.8897934,0.93616134,0.9478987,0.92886573,0.8543809,0.6060604,0.8819494,0.9251258,0.8198995,0.9493714,0.9356038,0.9325072,0.9128743,0.93522507,0.94150054,0.7596016,0.58951646,0.72010165,0.7730831,0.8770739,0.79227245,0.92587894,0.9556256,0.9726026,0.81975913,0.66102225,0.91674924,0.8301264,0.88458174,0.939969,0.7582845,0.9328929,0.95553464,0.8328147,0.9467532,0.81520796,0.9751718,0.9014241,0.9547711,0.9323657,0.80205315,0.96959853,0.74236023,0.90562576,0.89067215,0.95050144,0.88004833,0.7682995,0.93771315,0.8425054,0.9651182,0.82249177,0.9518738,0.8782361,0.8707344,0.9534014,0.9513069,0.9253492,0.9250176,0.9684548,0.8369687,0.91654354,0.96818584,0.955987,0.9523799,0.884618,0.97007686,0.85683423,0.9717654,0.93604034,0.9416779,0.9026254,0.9460637,0.9352069,0.9700541,0.77095807,0.57230467,0.5526574,0.80742294,0.80529904,0.87365925,0.9647383,0.937559,0.9034778,0.79281294,0.91908497,0.78900224,0.7713992,0.85890806,0.77509034,0.8720232,0.95805085,0.91293895,0.964252,0.8893692,0.9549505,0.75712126,0.815,0.8100516,0.69166905,0.92434514,0.9619602,0.6303093,0.85138595,0.8983914,0.96135116,0.8945958,0.9529968,0.5779663,0.96846783,0.94014144,0.9636259,0.92968917,0.5385241,0.8566459,0.7742883,0.879689,0.92566085,0.82963544,0.8570916,0.94916886,0.9478998,0.896353,0.8471291,0.89468765,0.9285156,0.85130405,0.92442685,0.96085614,0.7223775,0.9664907,0.93786037,0.7927167,0.96399415,0.8891066,0.9527854,0.96361893,0.8879016,0.9262494,0.19337662,0.9473903,0.9065331,0.94584936,0.72671294,0.9579896,0.91157895,0.9586029,0.92836004,0.83799803,0.84146,0.96015775,0.86482674,0.9419715,0.9272127,0.9069657,0.9242021,0.8051448,0.8915106,0.94337416,0.511225,0.6640303,0.45628962,0.9616287,0.6287344,0.9023307,0.8596527
X-1362,0.85039335,0.7919666,0.93710685,0.8971896,0.68985885,0.94683635,0.85621184,0.8568743,0.95687544,0.9470763,0.91169536,0.65866643,0.9533952,0.9475798,0.8047606,0.36158773,0.94880956,0.8847796,0.9517212,0.8412056,0.9505985,0.8902406,0.96539503,0.90591735,0.9185684,0.91201764,0.8803745,0.9351158,0.86452985,0.83723,0.8726357,0.9094884,0.75664496,0.9136738,0.85853857,0.94458234,0.95443344,0.9249608,0.88856155,0.7852165,0.88958335,0.93342316,0.8146174,0.9536036,0.93910354,0.9389089,0.9171354,0.9390808,0.93776256,0.76595443,0.50008154,0.69500595,0.8147012,0.89604115,0.8008573,0.9313412,0.9607299,0.96403486,0.8203412,0.7375299,0.9243518,0.8407559,0.91308,0.94326735,0.82711774,0.9375726,0.9580678,0.85016644,0.94952726,0.8169246,0.9698242,0.9009074,0.9546112,0.9383743,0.7910562,0.96384174,0.7476729,0.8733436,0.89779025,0.9547343,0.8648259,0.7625542,0.92965186,0.82041305,0.9731781,0.85054916,0.94987077,0.88134354,0.8897899,0.9443396,0.95451933,0.940042,0.93063,0.96327484,0.79370147,0.9294194,0.9655943,0.956627,0.9499992,0.90599877,0.9618409,0.8491173,0.9777795,0.9335695,0.9317009,0.91700906,0.959933,0.94042313,0.9669577,0.78799754,0.5550742,0.49826568,0.8300474,0.83270407,0.86483413,0.9586423,0.9415426,0.9039047,0.805747,0.9303288,0.75489455,0.7921806,0.88989365,0.7582412,0.8931292,0.9520802,0.91348374,0.96640354,0.8670848,0.9619841,0.7590644,0.7997078,0.8372895,0.6208727,0.92533576,0.96296215,0.5636028,0.8414601,0.90206116,0.9611008,0.8898793,0.95539886,0.61560947,0.9651648,0.93101454,0.9619578,0.91982853,0.5729085,0.8738028,0.781765,0.896545,0.956398,0.8584758,0.86802983,0.95033735,0.9504624,0.8956529,0.8177768,0.90209484,0.9143828,0.8596437,0.916152,0.9614482,0.70831144,0.9616907,0.9456224,0.7970009,0.9634414,0.89810586,0.9453483,0.96509254,0.8956248,0.92640346,0.205937,0.94176835,0.9053023,0.94219005,0.74205995,0.9588777,0.9102833,0.962091,0.9341737,0.7994331,0.847146,0.96365875,0.8912253,0.95002127,0.93691695,0.89182484,0.93329704,0.8571112,0.9053787,0.94004256,0.51443875,0.69132435,0.50034523,0.9624225,0.64448494,0.9039236,0.85020626
X-1948,0.86209637,0.7537573,0.9142956,0.8635773,0.73479736,0.93205655,0.769294,0.8376074,0.94304955,0.9464337,0.90126234,0.7388244,0.94944656,0.93863994,0.7506764,0.43171477,0.9403333,0.85748035,0.9384426,0.841064,0.9355292,0.8749859,0.95967734,0.8904556,0.89336133,0.89380765,0.86197567,0.9291017,0.84292644,0.83024627,0.85746354,0.8889716,0.7304549,0.8960466,0.88809764,0.9301939,0.94459015,0.9177587,0.8692914,0.7011438,0.8815463,0.9215716,0.7809996,0.94063675,0.9188476,0.91935664,0.89906764,0.93091947,0.9258914,0.76116544,0.5531753,0.74677444,0.79166716,0.8811204,0.7768239,0.91630614,0.9537215,0.96050054,0.83349425,0.7409432,0.8985292,0.83297485,0.8774704,0.9353462,0.73104596,0.9224994,0.9478337,0.83440185,0.9374205,0.79935515,0.959064,0.88414824,0.9388627,0.9188356,0.80969363,0.9621173,0.71104854,0.86959326,0.8828528,0.9433824,0.8545121,0.7504228,0.91368073,0.8085563,0.96241283,0.82489026,0.9447595,0.8717358,0.8492558,0.93163276,0.9447839,0.92623156,0.91774726,0.9553869,0.78593427,0.9131871,0.9607683,0.9530107,0.9363845,0.8903002,0.9642959,0.80367047,0.97231704,0.92835414,0.914004,0.8912654,0.9411718,0.92334014,0.9609877,0.7435685,0.59675586,0.5182919,0.8202754,0.82834595,0.8449888,0.9553281,0.9338317,0.8639648,0.7868226,0.90603215,0.7724709,0.768179,0.8540351,0.76676315,0.86797976,0.93843883,0.9089767,0.95754176,0.85479736,0.9536619,0.7698656,0.81948733,0.7990897,0.65058523,0.9140942,0.95109004,0.57089615,0.83845246,0.8841139,0.955363,0.8705017,0.9461576,0.6623092,0.95992404,0.9205937,0.9502952,0.9177397,0.55495703,0.86456543,0.77772003,0.87247586,0.9283444,0.81660813,0.8450842,0.942941,0.94300854,0.8667778,0.8105476,0.88957393,0.9032743,0.8596642,0.9052341,0.9500336,0.69514036,0.9623528,0.93684155,0.80486363,0.9567585,0.8754499,0.9471782,0.95192516,0.88645935,0.9211058,0.2604702,0.9248239,0.8801274,0.93480015,0.70807654,0.95278853,0.9039392,0.94528943,0.91171104,0.790586,0.8273448,0.9545115,0.86041623,0.94069564,0.92244095,0.876324,0.905921,0.7238615,0.84432495,0.9300668,0.5965423,0.7211967,0.53170735,0.94822264,0.7414014,0.89631,0.8368834
X-1959,0.85703397,0.7768878,0.9273059,0.89401525,0.7272322,0.94204193,0.83035773,0.84526104,0.9541059,0.95211226,0.9043936,0.6985417,0.95849055,0.94885534,0.8039148,0.36597973,0.9446502,0.8544168,0.94670314,0.8443556,0.9410516,0.87297195,0.96550107,0.8799663,0.90309215,0.89285254,0.8835051,0.9217374,0.8348599,0.8406817,0.8477475,0.90323424,0.7778883,0.90632397,0.88029295,0.9291604,0.9483768,0.9201985,0.8914648,0.76533294,0.8927518,0.9252986,0.8192103,0.9461677,0.93858105,0.92459685,0.902341,0.93173444,0.93571836,0.77644676,0.56539077,0.7625869,0.7810207,0.8959819,0.7882286,0.9254836,0.95500225,0.96756256,0.84239566,0.76495796,0.9132226,0.8502319,0.9050102,0.9443527,0.78160894,0.9301039,0.9528139,0.8472926,0.94636166,0.7917639,0.9655305,0.89115596,0.9502226,0.9294882,0.82283443,0.96725327,0.7473433,0.8834357,0.8889386,0.9539981,0.8532887,0.7426882,0.9329988,0.83658826,0.96746534,0.8408502,0.9496799,0.8677402,0.87372166,0.94636685,0.9499242,0.9420128,0.91857857,0.96547025,0.822581,0.92268354,0.96807206,0.9537982,0.9466328,0.89288354,0.96905833,0.8335871,0.9707827,0.932693,0.9316012,0.9056726,0.9508469,0.93702894,0.9617319,0.77054954,0.51387745,0.51133806,0.8135766,0.85392547,0.8726624,0.9656741,0.9421876,0.8932035,0.81514007,0.91246384,0.77724135,0.7827953,0.88907164,0.74849117,0.88786685,0.94925725,0.91021496,0.96071607,0.8494337,0.9587112,0.77651566,0.81915176,0.7917201,0.6533966,0.92726135,0.95916045,0.61874485,0.8635986,0.89852893,0.96379364,0.8741955,0.950493,0.6187643,0.9640289,0.93064916,0.9550691,0.93034315,0.54727876,0.8706971,0.78565395,0.87050873,0.9397723,0.84875053,0.8598422,0.94679135,0.9497659,0.856305,0.8108963,0.8950114,0.91683257,0.85070527,0.9053111,0.95580536,0.68881696,0.9630428,0.94306326,0.7823964,0.9611577,0.8827064,0.94396985,0.9579019,0.89034176,0.9214573,0.22927538,0.93250275,0.9025152,0.94016075,0.7075406,0.959248,0.9135841,0.9543682,0.92823255,0.79975754,0.83419394,0.9547673,0.8812869,0.9436213,0.9274122,0.8950621,0.9207762,0.7666066,0.8647555,0.94067395,0.56935257,0.6822996,0.47360224,0.9604897,0.7354697,0.9036533,0.8449815
X-2026,0.8256782,0.7397933,0.9091107,0.8262608,0.7069463,0.92854136,0.7494171,0.82488567,0.930968,0.929064,0.8920583,0.7029727,0.93933594,0.9462219,0.7806021,0.34720114,0.9313062,0.8390618,0.9400654,0.7995665,0.91904384,0.86693263,0.94998777,0.85195965,0.874851,0.8792214,0.8511933,0.91782665,0.8080276,0.81738096,0.858464,0.9016087,0.75549567,0.8794728,0.86171794,0.9095428,0.9401072,0.90849304,0.8710955,0.73468816,0.8693432,0.9012953,0.79650784,0.9332969,0.91685134,0.91142,0.88914824,0.9121596,0.9148754,0.76491916,0.53554314,0.7083668,0.79158294,0.8723338,0.73617977,0.90992874,0.9504611,0.9619534,0.77786446,0.7087878,0.89781886,0.81597686,0.867362,0.93492764,0.72224975,0.9177809,0.9428499,0.828658,0.93482786,0.7851463,0.9491234,0.88799816,0.93209594,0.9141818,0.7793187,0.952601,0.6812401,0.8783824,0.8843141,0.9394207,0.8512086,0.745421,0.9168724,0.7962309,0.95622367,0.81628186,0.94204986,0.8641288,0.8386561,0.93462163,0.94161695,0.9144291,0.9022354,0.95929116,0.78808224,0.91515195,0.95425093,0.93888825,0.9362358,0.8637318,0.9551373,0.79246396,0.9701471,0.9213667,0.9064095,0.8801268,0.9346063,0.918307,0.9568602,0.7176842,0.5171062,0.5082136,0.769783,0.8331473,0.8384106,0.95491326,0.92242324,0.84157395,0.77018774,0.90498334,0.7647378,0.7552357,0.87550503,0.7344083,0.8567475,0.9421692,0.9054479,0.9520425,0.8362654,0.9512426,0.71630234,0.8055904,0.7711376,0.5518903,0.9111398,0.94321835,0.4900121,0.82480407,0.8887213,0.9514268,0.8538899,0.947928,0.6254925,0.9598618,0.916475,0.94288325,0.90773433,0.53749025,0.84331775,0.7062332,0.85671353,0.9109308,0.76937306,0.8470226,0.9365413,0.93374527,0.8809542,0.7947037,0.88099986,0.9067286,0.8454049,0.89992535,0.9457304,0.6452839,0.9464012,0.9317058,0.80034,0.9497495,0.8680552,0.9428663,0.9531171,0.8872148,0.91756195,0.22361606,0.92717415,0.8762368,0.93227565,0.6511215,0.94788677,0.8891205,0.94663024,0.9072082,0.7622496,0.8297749,0.9451875,0.87008053,0.92761624,0.9147141,0.881526,0.9095744,0.7660103,0.86369675,0.927187,0.5436067,0.71398896,0.49690732,0.9502241,0.73626524,0.86481756,0.81407523
X-2043,0.8560964,0.7598193,0.91253185,0.89202917,0.6888278,0.93544996,0.8073352,0.844832,0.93809426,0.94576657,0.8934799,0.7553562,0.9519915,0.95184535,0.80189925,0.4080577,0.9356487,0.84993297,0.9375374,0.8412334,0.92573196,0.86542374,0.9618183,0.88737875,0.89484876,0.8904104,0.8655066,0.93201035,0.8336217,0.8187422,0.83539253,0.8883711,0.7927621,0.8829509,0.90292233,0.91861945,0.94455844,0.9110808,0.85175776,0.6177701,0.88966054,0.91511214,0.77943707,0.94121206,0.9286506,0.9174169,0.8827482,0.92949957,0.92884916,0.78044325,0.5345179,0.75713545,0.776847,0.8763403,0.8070912,0.9184634,0.9477989,0.96535736,0.82834417,0.75526565,0.9069263,0.8189042,0.87981385,0.9322281,0.73874325,0.92075956,0.95209503,0.8194154,0.9406581,0.7863883,0.96111,0.8857055,0.9432432,0.92443085,0.80281514,0.95984554,0.763841,0.8999819,0.87940055,0.94864255,0.87834865,0.7818876,0.9223668,0.83104175,0.9646699,0.7823008,0.9467737,0.8686476,0.8465152,0.94081706,0.9416444,0.9307423,0.9139204,0.96548903,0.81974995,0.9227535,0.9665978,0.9518248,0.93983626,0.87752503,0.9670318,0.8122363,0.9677107,0.9285953,0.91945267,0.8934468,0.94573635,0.93524426,0.9655353,0.710179,0.4908636,0.5026741,0.7999982,0.80540174,0.84897876,0.9634393,0.93035734,0.83777755,0.805109,0.904337,0.7846978,0.7300107,0.8480577,0.7590445,0.86689085,0.94049865,0.9119429,0.95561856,0.85841626,0.9455612,0.7834076,0.8294806,0.8085293,0.7008434,0.9155786,0.9590246,0.5630966,0.8284566,0.8917591,0.95339406,0.85914695,0.9452936,0.6194369,0.9624536,0.93352276,0.96000624,0.9234843,0.5305022,0.8624429,0.790894,0.86410254,0.9133015,0.80315673,0.8367642,0.94273984,0.9499289,0.8655508,0.8291682,0.88530064,0.9178691,0.83774537,0.9018343,0.95108396,0.69364226,0.9600881,0.9365463,0.78857946,0.9614909,0.86428845,0.9408748,0.95496535,0.8843548,0.9232704,0.23073879,0.93286085,0.9042986,0.93167675,0.6916812,0.94928813,0.90214825,0.9460826,0.92196363,0.814639,0.83122134,0.95530796,0.85567355,0.9432257,0.920714,0.879472,0.90627885,0.75242186,0.8131813,0.9326996,0.54551166,0.70038784,0.51132023,0.9576422,0.7429425,0.8917311,0.84555435
X-2081,0.8813106,0.76919043,0.92612827,0.89810425,0.7489818,0.93857545,0.79814225,0.8474772,0.94117934,0.94498706,0.900558,0.74707234,0.955375,0.94864315,0.81760335,0.47092903,0.94385636,0.8574751,0.9448155,0.8532143,0.9393977,0.87331146,0.9665241,0.8695204,0.9091542,0.9035083,0.87533116,0.9238298,0.84351104,0.8442056,0.8592027,0.9040097,0.7778506,0.90205073,0.8825646,0.93543696,0.94557124,0.91288376,0.8721564,0.6297211,0.8996117,0.9235759,0.82395506,0.94269454,0.9291652,0.9251573,0.89761925,0.92414886,0.9320991,0.77261966,0.5777123,0.7824591,0.80238193,0.8810493,0.7888836,0.91742736,0.9543956,0.95822996,0.8539268,0.74793404,0.9027327,0.84313864,0.90505844,0.9392177,0.7674561,0.9235353,0.9475934,0.8304327,0.94250596,0.80714095,0.9577734,0.8901359,0.94687605,0.9274958,0.83515537,0.9608145,0.7777193,0.8839054,0.8785537,0.9468069,0.865038,0.80367035,0.93264407,0.8366458,0.961869,0.8148197,0.94615865,0.8710582,0.84359103,0.9382554,0.9466556,0.9435082,0.9172146,0.9634271,0.7982596,0.9289813,0.96464497,0.95684737,0.9369456,0.8934017,0.96716243,0.83185333,0.9764604,0.9319086,0.9172908,0.90458447,0.94809586,0.94022095,0.96161324,0.78549343,0.5601583,0.55167913,0.83458364,0.8241873,0.8514377,0.9579297,0.92696136,0.8743048,0.7763913,0.91904324,0.7682556,0.74364597,0.8637956,0.77930516,0.88401526,0.9359889,0.90290016,0.9566006,0.86084104,0.9513325,0.7933437,0.8335814,0.82717705,0.6697694,0.91832215,0.9594934,0.5948983,0.8417503,0.8876256,0.95486516,0.868435,0.9453423,0.67420083,0.962282,0.92814744,0.9476576,0.92765486,0.5581943,0.85500824,0.74342835,0.8827956,0.93590564,0.7860536,0.8648601,0.944061,0.94797957,0.8757765,0.8237471,0.88970226,0.9172784,0.83386,0.91236395,0.9516258,0.6913992,0.9627098,0.94310665,0.77164376,0.96345586,0.88318485,0.94193906,0.9525441,0.88660103,0.9311231,0.23435299,0.9192743,0.8947888,0.9329031,0.70208645,0.95472324,0.91220516,0.95479095,0.92413795,0.80534154,0.8332371,0.9544773,0.87937087,0.9506039,0.9280691,0.8779344,0.9063658,0.7487764,0.8621492,0.93377876,0.6049098,0.7476979,0.55791384,0.9591406,0.7729052,0.900941,0.84296006
X-2283,0.81685513,0.7077041,0.9121571,0.86389786,0.64148724,0.93446547,0.78722423,0.7955531,0.9352743,0.93747157,0.88908714,0.70260376,0.9453624,0.9466768,0.7961836,0.33255875,0.9299844,0.84432006,0.93883866,0.80408293,0.9357234,0.85522443,0.95561767,0.876712,0.87351394,0.8984819,0.8603222,0.9148705,0.8303398,0.81378895,0.85396826,0.8894812,0.73564285,0.8985446,0.8645753,0.93301314,0.9387538,0.9103387,0.86220944,0.6281273,0.8672663,0.9166539,0.804823,0.9368578,0.9214181,0.91710174,0.9042668,0.92157346,0.92458105,0.71501446,0.5219969,0.7157896,0.7821579,0.8656985,0.80442333,0.9171694,0.94856906,0.9627912,0.77378833,0.6971706,0.90005887,0.8101878,0.8766361,0.9369337,0.7212129,0.9160885,0.9441722,0.82210165,0.93461376,0.77641094,0.9666858,0.8911191,0.9430136,0.9237158,0.7776185,0.95491916,0.73154896,0.8817109,0.87321866,0.94131565,0.8620912,0.7363191,0.923113,0.8090597,0.95878917,0.8220818,0.94313675,0.86252,0.85325104,0.9439793,0.9362399,0.91479605,0.90911055,0.961828,0.8221156,0.9124385,0.96117216,0.9440306,0.9402824,0.877562,0.958649,0.8102565,0.9573343,0.92906386,0.9258323,0.90354323,0.9455911,0.9248411,0.96141654,0.7296719,0.5176396,0.46847302,0.79065824,0.8169455,0.83175784,0.95938796,0.930099,0.8747099,0.77233833,0.91142434,0.75183135,0.75710356,0.8689456,0.742125,0.8428488,0.9427194,0.9009959,0.95697004,0.85746086,0.950796,0.7129254,0.77352744,0.760961,0.61148435,0.9042762,0.950461,0.5227691,0.8390526,0.8832835,0.9545799,0.85785455,0.94978255,0.55361915,0.9573028,0.92270094,0.9515036,0.9125561,0.53596807,0.85316336,0.75443685,0.8793489,0.9228788,0.82080716,0.8359493,0.9414572,0.94613296,0.8597069,0.82057357,0.8930247,0.91728574,0.82949567,0.9071229,0.94550747,0.6775235,0.9485497,0.9286552,0.7809315,0.9541782,0.87414336,0.938286,0.95457274,0.8849507,0.91424024,0.22911191,0.9249162,0.8945057,0.92956066,0.6663898,0.9528339,0.8944626,0.9524578,0.91517425,0.749765,0.8285709,0.9569623,0.85628235,0.9293097,0.919429,0.88403845,0.9111601,0.7795658,0.8651165,0.92303956,0.5019952,0.61310905,0.37121505,0.9510663,0.6148547,0.8748284,0.8332017
X-2339,0.86752987,0.79536957,0.9337174,0.8862683,0.7460559,0.9367669,0.8322973,0.85023147,0.94797987,0.9485028,0.9037835,0.72030675,0.95883423,0.9458482,0.80427307,0.4127995,0.94823164,0.85757625,0.94107026,0.83665085,0.9309179,0.881132,0.963343,0.8983356,0.91330135,0.8788298,0.8826972,0.93374264,0.81445503,0.842279,0.8588278,0.90499634,0.75747764,0.881853,0.8682696,0.9298484,0.9408003,0.92380595,0.8806464,0.601294,0.8961526,0.9315476,0.8087162,0.93404996,0.931636,0.9213293,0.90124005,0.9260574,0.93382484,0.76431316,0.5654194,0.7696292,0.78239113,0.8762462,0.7935034,0.9198601,0.95553124,0.968755,0.8483801,0.69825345,0.90460545,0.8320802,0.9052792,0.9404523,0.7297608,0.923862,0.9504315,0.8514437,0.9415204,0.81306785,0.9637875,0.8908139,0.95171416,0.92905736,0.81111103,0.9616191,0.76275337,0.88884175,0.8894705,0.95077163,0.88719326,0.7491336,0.93587154,0.84771895,0.96729964,0.82744706,0.9511757,0.87662405,0.86746764,0.9430701,0.94591725,0.93545324,0.9159574,0.9659455,0.80867994,0.91591305,0.9664065,0.9500709,0.94218045,0.88432264,0.96212566,0.8499873,0.9733789,0.9305164,0.9222966,0.8943338,0.94293773,0.93871534,0.96067625,0.7593031,0.5860839,0.616907,0.8220447,0.817835,0.8496802,0.96447414,0.9299707,0.9098824,0.76830053,0.9243306,0.8140808,0.7678565,0.8728137,0.81396186,0.8813606,0.9503439,0.9063478,0.9636868,0.87347007,0.95879704,0.8141974,0.83120763,0.84345526,0.6659715,0.9255171,0.95840514,0.6621625,0.84149104,0.8966344,0.9573036,0.8838752,0.94793546,0.70012,0.9659877,0.93275523,0.9577777,0.9343968,0.57283735,0.8439002,0.7843868,0.86861295,0.92719173,0.84083027,0.8679943,0.9501847,0.9521275,0.8753243,0.83186954,0.89071083,0.91406006,0.8570207,0.9177427,0.95414853,0.7167087,0.9672656,0.9412068,0.79584044,0.9574675,0.88069266,0.94878566,0.95586395,0.89503264,0.91930133,0.24463609,0.9295729,0.91281676,0.9365301,0.65959257,0.95113295,0.912993,0.9475861,0.927716,0.8422724,0.8410694,0.9591346,0.87079847,0.93677664,0.9249347,0.8831907,0.8971059,0.7485602,0.85824776,0.9378249,0.55466384,0.7186616,0.4625144,0.9590992,0.62712735,0.8986094,0.85514104
X-2428,0.8604505,0.7884203,0.9288644,0.9013597,0.72176284,0.94258666,0.81814146,0.8501872,0.955063,0.95173806,0.9118547,0.7409176,0.9595643,0.951993,0.81419325,0.38276544,0.9447409,0.8719794,0.9542044,0.86652946,0.9460221,0.8810283,0.96361655,0.8900682,0.91301745,0.9097793,0.8900047,0.9370639,0.84782714,0.82640225,0.87259305,0.9000926,0.7553673,0.9164051,0.8731769,0.929158,0.9517743,0.9273816,0.8980926,0.7016042,0.9010811,0.93849945,0.8090939,0.9532687,0.9344476,0.92925125,0.91301036,0.93503416,0.9349594,0.7933073,0.6031952,0.756723,0.8083138,0.90695435,0.802749,0.9291652,0.9607855,0.96900755,0.83685046,0.7460788,0.9239818,0.8285275,0.9068391,0.94142467,0.77533776,0.93431926,0.9580262,0.8503505,0.94918126,0.80368847,0.9718373,0.8933905,0.9512919,0.93181473,0.81708515,0.9639114,0.78635144,0.8804696,0.899743,0.9547931,0.8794913,0.74723715,0.9364548,0.82058066,0.9701601,0.86273634,0.9515719,0.8837469,0.8724464,0.94783336,0.948199,0.9327868,0.9220451,0.9670884,0.82695967,0.92235684,0.9719563,0.95468855,0.9472953,0.8981439,0.97312146,0.8490764,0.9759635,0.9357378,0.9289357,0.9072302,0.94946074,0.9459497,0.9655895,0.79276395,0.60433125,0.5734314,0.84699416,0.83996475,0.86513716,0.9688786,0.9421037,0.91270065,0.8245288,0.91990596,0.7964009,0.78834045,0.87231123,0.77765286,0.88277197,0.9523654,0.9131781,0.9636619,0.8821656,0.9596278,0.76293606,0.8374476,0.83580506,0.66860014,0.93955207,0.9597879,0.6645244,0.8638774,0.91339636,0.96369433,0.87545997,0.9568254,0.65885675,0.96715033,0.93746984,0.95220464,0.93295115,0.5913834,0.8658026,0.790302,0.88465077,0.9527114,0.8558268,0.87568814,0.94953346,0.95035595,0.89721704,0.8402542,0.9031692,0.9178813,0.8518365,0.91796935,0.9608703,0.7218625,0.9667887,0.9444993,0.7798196,0.96427035,0.8936685,0.9458894,0.9605661,0.8996289,0.9236543,0.22308524,0.92959005,0.9078798,0.9439884,0.71259826,0.95973814,0.91565114,0.95690656,0.9357504,0.8202513,0.84460545,0.9618353,0.88149685,0.94554627,0.9320117,0.9018768,0.9315425,0.7716405,0.8812978,0.9426475,0.5735616,0.6564566,0.47442538,0.9624138,0.6621256,0.9094752,0.8642894
X-2470,0.8811371,0.78939253,0.9295159,0.8983608,0.7277615,0.946752,0.8223763,0.8627901,0.95082533,0.9517104,0.9117985,0.7313445,0.9633395,0.9513356,0.8235347,0.38393462,0.9493095,0.863065,0.9503366,0.8691328,0.93993765,0.87291855,0.96313095,0.8979262,0.9186656,0.8947338,0.8959907,0.92968994,0.81205267,0.84210503,0.85378677,0.915056,0.7680202,0.9221379,0.86833036,0.9317868,0.95338374,0.9275743,0.8947724,0.6862601,0.8995119,0.93547606,0.81952256,0.94816893,0.9422233,0.9242153,0.91239834,0.9285334,0.9384346,0.81035286,0.59052163,0.79096687,0.7823192,0.9005624,0.78708297,0.9258789,0.96126765,0.9650202,0.84445053,0.79653203,0.9165008,0.82820874,0.92174053,0.9416407,0.7637749,0.9350661,0.95683134,0.84996474,0.9501712,0.78780925,0.97041756,0.9039348,0.95248395,0.93201154,0.82636696,0.96695155,0.74185103,0.8918721,0.9062332,0.9524365,0.8792711,0.7736514,0.9421862,0.85543185,0.9716043,0.8462634,0.9566023,0.88040435,0.8760344,0.9436409,0.94803953,0.94370586,0.925901,0.96954274,0.8319987,0.92747635,0.9729228,0.96174634,0.9542694,0.8943798,0.97209525,0.8470414,0.9782847,0.93198407,0.92627347,0.9067085,0.9533267,0.93690825,0.96721095,0.80462706,0.5964086,0.61106825,0.8580238,0.8336196,0.862971,0.9634108,0.93540263,0.9134489,0.80632186,0.92438483,0.8056455,0.77985764,0.87033635,0.80831724,0.8946406,0.9561431,0.9257581,0.9662077,0.8816641,0.96043396,0.80268264,0.8487963,0.85140294,0.67162657,0.9394603,0.96375775,0.66320235,0.85648435,0.9040695,0.9623619,0.888563,0.9559427,0.68654084,0.96782875,0.93352646,0.9530336,0.93351626,0.57118934,0.859516,0.7692588,0.87396604,0.94647694,0.85958004,0.8736898,0.9527859,0.9519524,0.88661206,0.8405152,0.90699047,0.9220355,0.85768723,0.93283015,0.9605307,0.6704505,0.96564484,0.94743145,0.7995388,0.963479,0.8918692,0.9485556,0.9632498,0.8954314,0.9238252,0.21891098,0.9396064,0.9116522,0.94450086,0.731353,0.9631877,0.91594905,0.95872146,0.9319737,0.8457833,0.84349966,0.9583812,0.8895344,0.9496145,0.9361281,0.8849813,0.91768855,0.79305816,0.8881289,0.9448622,0.5834629,0.7286723,0.47854683,0.9668215,0.70246273,0.91131413,0.8665377
X-2564,0.83946866,0.7562081,0.9198246,0.8719763,0.6695194,0.93905264,0.8209016,0.8520191,0.9419453,0.9447594,0.8992097,0.69335335,0.9526259,0.9447881,0.8055018,0.37890846,0.9440633,0.8474375,0.94258374,0.8229494,0.93277484,0.8810235,0.9598861,0.8828139,0.89821714,0.8863872,0.88434196,0.92987454,0.8132823,0.8387033,0.8487189,0.90238994,0.7573947,0.89160115,0.8769331,0.9275062,0.94502956,0.9140182,0.86352336,0.68934846,0.8837262,0.9176102,0.79225945,0.9407884,0.9313098,0.92532074,0.8960156,0.9237779,0.930748,0.74739945,0.5164707,0.73589987,0.79500467,0.8706492,0.7714697,0.9280055,0.95853084,0.96085745,0.8264804,0.69386905,0.9144108,0.82472545,0.89381653,0.942148,0.74540466,0.9300922,0.95211285,0.83789784,0.94291687,0.78871536,0.9660533,0.88816243,0.949096,0.9273808,0.7942146,0.9575398,0.7254167,0.8930684,0.8895041,0.94764984,0.85958624,0.7303772,0.9339811,0.82614434,0.9633566,0.8308003,0.948882,0.8705724,0.8708423,0.940565,0.94930756,0.92806786,0.9200739,0.9617773,0.77452964,0.9208882,0.9672862,0.9562021,0.9410736,0.88908964,0.9657423,0.8232287,0.9707902,0.9316748,0.9306962,0.8883218,0.94586045,0.93468803,0.9679452,0.74692017,0.5222129,0.5043171,0.80118656,0.83599144,0.8594089,0.9651054,0.93968046,0.87867093,0.78916675,0.92071605,0.7816198,0.7470807,0.87255263,0.77285993,0.8808778,0.94050795,0.90711963,0.9601472,0.8647197,0.9582922,0.7293544,0.8021367,0.80894315,0.62799615,0.92440903,0.95428294,0.575476,0.8419035,0.9002589,0.95700806,0.8846182,0.955928,0.6220177,0.963715,0.9287544,0.95205456,0.9193013,0.5580872,0.86307526,0.77764326,0.88339615,0.93578064,0.8451893,0.85447556,0.94649,0.951127,0.8726628,0.82114244,0.8953425,0.91491574,0.84314525,0.9218974,0.9538359,0.70155823,0.96221226,0.9385406,0.8053273,0.9577338,0.88387036,0.94529945,0.9571365,0.8891902,0.9231675,0.2100087,0.92900175,0.9085272,0.942979,0.66243833,0.9572392,0.9040538,0.9532731,0.913192,0.7949852,0.8377054,0.95689344,0.87137693,0.9419188,0.9251442,0.8896275,0.92241013,0.8056504,0.8724345,0.9372949,0.56269383,0.7162828,0.47030538,0.95404553,0.6960927,0.8827701,0.8420905
X-2633,0.837822,0.7617393,0.92514753,0.87269425,0.7077065,0.93775374,0.80140203,0.84092855,0.94802064,0.9469267,0.9085062,0.6941761,0.9524734,0.93794346,0.779335,0.36458755,0.94384736,0.8700674,0.9461398,0.8492162,0.9377153,0.8696105,0.9589317,0.89537334,0.9058436,0.8864902,0.8851805,0.9321312,0.8426966,0.83138007,0.8822952,0.89616257,0.7233748,0.8935965,0.8600566,0.9312334,0.9503414,0.9226765,0.8836987,0.696698,0.8794647,0.92908096,0.7982814,0.94329697,0.9329078,0.92624694,0.9078108,0.9267636,0.93004936,0.77866215,0.55815136,0.73187953,0.7835454,0.89417815,0.7819527,0.9199511,0.9586908,0.96080464,0.8158486,0.73461515,0.9131351,0.8180959,0.8928502,0.94043577,0.7773327,0.9242915,0.95117104,0.84521514,0.9434747,0.805128,0.9639499,0.89697737,0.95039487,0.9317421,0.7902942,0.96253645,0.7437159,0.8800334,0.8893315,0.945454,0.8727148,0.71433216,0.9190822,0.80268675,0.96478736,0.8307446,0.9495279,0.881137,0.8809616,0.94779557,0.9464002,0.92813253,0.9189124,0.96567845,0.7981268,0.9122713,0.96061087,0.94958144,0.94461805,0.8905728,0.96661514,0.8460135,0.97076917,0.9323703,0.92907864,0.90626204,0.95046306,0.935368,0.9616612,0.78773636,0.5502236,0.54403806,0.82985693,0.8341148,0.85646117,0.96504265,0.93113,0.8989192,0.78419983,0.9183642,0.77409345,0.757406,0.88302124,0.75830853,0.88684165,0.9480584,0.90639603,0.9625649,0.86837935,0.9554672,0.7451309,0.8062897,0.7949171,0.6286638,0.9192385,0.9545106,0.6301834,0.8589603,0.90143466,0.9603938,0.8729713,0.949091,0.6271348,0.9588892,0.9249719,0.9419114,0.92060775,0.5822906,0.8589227,0.7757443,0.86058706,0.9424655,0.8303673,0.86667377,0.94417083,0.9420635,0.8844858,0.8191676,0.8922256,0.909247,0.84419185,0.89391124,0.9538777,0.69225335,0.9581442,0.93788534,0.7738259,0.9566408,0.8777936,0.94299245,0.9580359,0.87604386,0.9210861,0.22869541,0.9258359,0.88935494,0.9396522,0.6803189,0.95373225,0.910198,0.9544978,0.92017406,0.804148,0.8330335,0.95552844,0.86833847,0.9403752,0.9234696,0.89740026,0.91612613,0.79422057,0.89392406,0.9382083,0.52563393,0.71794677,0.44288814,0.95371836,0.69169694,0.88365775,0.83764607
X-2684,0.85995865,0.72220564,0.91254115,0.88175344,0.72683316,0.9435758,0.7679468,0.83853763,0.9440405,0.9410591,0.90145934,0.714722,0.9544586,0.9420622,0.8080064,0.3904305,0.9403567,0.85386664,0.94269055,0.8336425,0.93388015,0.8524354,0.96480733,0.8882874,0.88928205,0.8980897,0.87599033,0.9222794,0.8406969,0.81744766,0.8196005,0.9052612,0.7664297,0.9030377,0.8819911,0.9147238,0.946582,0.9180305,0.8641596,0.62310374,0.8871253,0.92800015,0.8300852,0.95026135,0.9248645,0.92154,0.8997255,0.92452055,0.9258688,0.7910702,0.5019432,0.7396164,0.7844136,0.8809253,0.7882151,0.9223532,0.9534613,0.9643827,0.82622236,0.6703636,0.9179396,0.80975735,0.88146514,0.93524075,0.7980075,0.9247024,0.95048916,0.81672674,0.9446928,0.7978597,0.96114105,0.8941258,0.9474145,0.9338685,0.8103526,0.95873946,0.73857266,0.8852791,0.87718815,0.94906104,0.88116765,0.7652635,0.9293143,0.8271521,0.96695554,0.85093987,0.9476485,0.88047063,0.8614073,0.94547504,0.9419764,0.93105847,0.91778564,0.96361166,0.82183987,0.9155255,0.9644539,0.95204353,0.9462616,0.88309216,0.96362174,0.8303511,0.97109866,0.9371292,0.9232075,0.9043172,0.9455846,0.9382489,0.9614386,0.7771722,0.54811835,0.49803397,0.80794144,0.82417995,0.8715179,0.9653781,0.9336282,0.8810094,0.80128515,0.9099899,0.758132,0.76813686,0.8804101,0.7301048,0.86938256,0.94847393,0.91686994,0.9589118,0.8698247,0.95413953,0.7722185,0.79596543,0.78822607,0.66306317,0.9148903,0.9562158,0.56492543,0.84949553,0.8882463,0.95898265,0.8598132,0.9496248,0.62665427,0.9661675,0.9339499,0.9479592,0.9085212,0.56535333,0.858987,0.76146466,0.8618966,0.91944057,0.7872376,0.85333747,0.9460208,0.94786125,0.8817358,0.8334649,0.90446943,0.9161506,0.8289927,0.90919524,0.956645,0.7338121,0.9583635,0.9357888,0.774006,0.9590741,0.8738673,0.9410235,0.95732176,0.89220154,0.92511654,0.22048767,0.9205709,0.8910478,0.94274056,0.65628064,0.9590547,0.91419286,0.96096784,0.9309418,0.79409957,0.85568494,0.9561416,0.86941475,0.9397894,0.91981,0.8842482,0.9129846,0.80169034,0.84755397,0.935254,0.5128093,0.6665517,0.5607593,0.9562755,0.756452,0.8950934,0.84512144
X-2997,0.8393462,0.7874702,0.91267556,0.87205327,0.7219858,0.9432646,0.78622085,0.8344427,0.9466075,0.9407057,0.8995178,0.683372,0.9540096,0.9406973,0.7939986,0.40188766,0.93996906,0.85095054,0.93859655,0.8261371,0.92876524,0.86032194,0.95673,0.88045925,0.8849127,0.8777004,0.87868524,0.919091,0.8330811,0.8275349,0.84741944,0.8928389,0.7615531,0.89479625,0.8801592,0.930514,0.9413772,0.91864777,0.87465894,0.6098139,0.86200035,0.9182629,0.8098684,0.9440587,0.92881745,0.9186669,0.8988165,0.925241,0.9253629,0.7845002,0.53196204,0.70724946,0.77660066,0.8766718,0.7968709,0.91786724,0.9555948,0.9656093,0.8164902,0.6849772,0.9123624,0.8117949,0.8716315,0.9354832,0.79785186,0.9238026,0.95410985,0.83209443,0.94104004,0.80188584,0.9649381,0.8905761,0.9473259,0.9309544,0.7933121,0.9648793,0.7187225,0.88432,0.8854768,0.94898397,0.86611044,0.7252015,0.92432326,0.8288488,0.96407455,0.8568466,0.94730484,0.86622417,0.86144227,0.94287544,0.9418218,0.91213405,0.9162185,0.9635153,0.8047919,0.9192949,0.9602123,0.9444264,0.9415785,0.8818283,0.9627464,0.82241255,0.9670656,0.925347,0.9304123,0.89294773,0.9499196,0.93207854,0.96349525,0.7705003,0.5265669,0.4899746,0.79557294,0.8389716,0.8714338,0.96078604,0.93670607,0.8922957,0.7959814,0.9131079,0.81185555,0.76651144,0.8766066,0.7413233,0.86744416,0.94871235,0.9090505,0.957522,0.8637062,0.9521731,0.74063635,0.8003769,0.75898224,0.66469896,0.9175906,0.9512814,0.6364747,0.8579392,0.89217067,0.95957893,0.8640794,0.95244014,0.59293115,0.96318626,0.92927635,0.94804317,0.91390187,0.60369194,0.8537553,0.7639306,0.8635697,0.9344864,0.80313873,0.8510682,0.94449323,0.951578,0.87245184,0.82105815,0.8988574,0.91082734,0.85405934,0.9052304,0.9518098,0.6757959,0.9651758,0.9370178,0.7896084,0.9523332,0.88231033,0.9440013,0.9559509,0.8831466,0.9174753,0.23171645,0.92872655,0.8921464,0.94450814,0.6671001,0.95864636,0.90314513,0.95352733,0.9104171,0.7892598,0.8272423,0.958574,0.8706783,0.9444429,0.91685504,0.8958818,0.91608137,0.79198194,0.86716306,0.9372917,0.57311475,0.6765522,0.5094118,0.9541243,0.708201,0.88622695,0.8408394
X-3028,0.8815045,0.8037175,0.93655777,0.89908534,0.7441377,0.94015867,0.8422196,0.8789565,0.9550623,0.9593759,0.9147516,0.7270367,0.95992106,0.9535092,0.80077285,0.42548087,0.9570021,0.8641953,0.9502613,0.84972245,0.9442933,0.8840556,0.96663874,0.89705753,0.92173606,0.9003935,0.88962185,0.92956746,0.8383115,0.8416882,0.86851966,0.9136703,0.7859442,0.90871245,0.83814794,0.93549,0.9510681,0.9232832,0.90022194,0.7528094,0.89991474,0.9392609,0.8179207,0.9495985,0.93649143,0.9431913,0.8946194,0.931822,0.9398863,0.79592466,0.57966274,0.7838468,0.7901352,0.8994698,0.77002037,0.9254341,0.9606561,0.96803695,0.8610675,0.7970765,0.91498154,0.846202,0.91962504,0.9431035,0.7902029,0.9330153,0.96206206,0.8583905,0.94966125,0.7981811,0.9684424,0.89120346,0.9545564,0.93246955,0.8458348,0.96644837,0.8100241,0.8932858,0.8936846,0.9557356,0.8627999,0.7855824,0.9413823,0.8385003,0.9706476,0.84695095,0.95234853,0.8891093,0.8936518,0.94612485,0.9534627,0.93919235,0.9237884,0.9676915,0.76434493,0.92400694,0.9710361,0.9560214,0.9457608,0.8972914,0.9749586,0.84245884,0.9764906,0.9345654,0.9313145,0.90893596,0.95360243,0.94580686,0.9612393,0.8002731,0.5653046,0.566255,0.8443358,0.85126317,0.8680992,0.96567845,0.9452612,0.9053401,0.8123225,0.9268966,0.77742773,0.75752515,0.8890147,0.79220223,0.89573085,0.9495793,0.91118866,0.9623417,0.86983824,0.96317106,0.7898553,0.82702696,0.84198475,0.7149048,0.930905,0.963389,0.7222999,0.8740873,0.9087538,0.9667654,0.888766,0.95731586,0.6816633,0.96927017,0.93189543,0.95650274,0.9194833,0.5583434,0.86853063,0.8113751,0.8993985,0.9482224,0.86899626,0.8775794,0.9546462,0.95509505,0.8910882,0.83095765,0.9044131,0.9140393,0.8635189,0.9171916,0.9598675,0.69005734,0.95963913,0.94738996,0.8231201,0.95929307,0.8962013,0.95083874,0.96669906,0.89464605,0.9281094,0.2564911,0.93200606,0.91367215,0.9465144,0.6886244,0.9623836,0.91918004,0.9613266,0.9305189,0.839679,0.85022426,0.96086395,0.8897574,0.9460401,0.930574,0.9095694,0.92630213,0.8358999,0.89240944,0.94419014,0.63134086,0.75591385,0.52469015,0.9627975,0.73961014,0.9082816,0.8432696
X-3038,0.8530076,0.7481785,0.9291101,0.87741685,0.6941087,0.9315797,0.81625235,0.8512782,0.9441898,0.94608283,0.90940505,0.7272501,0.94955343,0.94489837,0.78062046,0.38166994,0.9449253,0.8695854,0.9397731,0.8511808,0.94165677,0.86387086,0.95879805,0.8911412,0.9080007,0.8891717,0.868337,0.92492974,0.8415705,0.8328784,0.8775488,0.9038746,0.76158637,0.90150267,0.84980226,0.93209827,0.94300777,0.92067164,0.87815547,0.71484846,0.8841793,0.923737,0.813036,0.9477572,0.9340957,0.9194884,0.8983621,0.9277241,0.93377715,0.76930404,0.5917351,0.7856432,0.7910144,0.8902093,0.77375996,0.9092236,0.9510713,0.9598403,0.8239268,0.7507839,0.91789746,0.8282365,0.89999324,0.9342039,0.76540357,0.9255192,0.9516696,0.8429844,0.9415301,0.77874357,0.9655771,0.88935965,0.94583553,0.92214096,0.8062595,0.96111995,0.79070896,0.87819934,0.8836486,0.9465933,0.8600593,0.74825406,0.92142165,0.80716705,0.96842426,0.82914424,0.94740003,0.8822095,0.87430644,0.9380867,0.9473756,0.9315434,0.91841674,0.9636234,0.7978089,0.92053634,0.9611894,0.9471011,0.9446095,0.88932174,0.9640228,0.84137714,0.9746725,0.9350841,0.91685253,0.9026115,0.9467714,0.9320346,0.961172,0.73320377,0.56337684,0.55928826,0.81675863,0.82709455,0.8508604,0.9586409,0.93438405,0.87424713,0.7959779,0.9184756,0.7589565,0.7603275,0.8777429,0.77244306,0.8692303,0.9356312,0.9094253,0.95827264,0.8543639,0.96138465,0.780862,0.82116026,0.837198,0.686015,0.92832196,0.9546733,0.63381195,0.8277665,0.88948333,0.9582341,0.8739511,0.9501045,0.6445643,0.95953315,0.92823195,0.95199203,0.9093629,0.5734562,0.8633641,0.7611201,0.870726,0.9310023,0.8377711,0.8625319,0.9439061,0.94195354,0.8886852,0.81964684,0.8944758,0.9067159,0.8391681,0.9064901,0.9526784,0.6845976,0.9570164,0.93615973,0.82230675,0.9590659,0.87565964,0.94373107,0.9553276,0.8787603,0.91899854,0.24508354,0.9292697,0.8963931,0.93585414,0.69674414,0.9579648,0.906164,0.95158964,0.92685485,0.83271194,0.8348619,0.9559016,0.8824413,0.9356381,0.9272407,0.87755674,0.91952276,0.82470226,0.8818034,0.93308467,0.562017,0.7161008,0.50059026,0.95856816,0.73806596,0.89984906,0.84293455
X-3052,0.8816123,0.8185125,0.93473506,0.88779575,0.7708266,0.93492126,0.83338606,0.85268384,0.9487808,0.9501829,0.90121245,0.7418598,0.95407635,0.9412715,0.8065921,0.45500776,0.9443051,0.86105853,0.9464012,0.82904977,0.9400897,0.86260796,0.9659337,0.87867236,0.9059903,0.88629097,0.87489057,0.9366606,0.8319484,0.84674704,0.8583255,0.9004399,0.7696439,0.906815,0.87941575,0.93652904,0.9413928,0.9243814,0.86339694,0.7289067,0.8943424,0.92540187,0.82106155,0.94576794,0.93638396,0.9357206,0.9107023,0.9281238,0.9382941,0.8007301,0.5938582,0.7756877,0.78096265,0.87921643,0.74692404,0.92514783,0.954187,0.9653888,0.8556154,0.7500248,0.91248786,0.8522023,0.90303147,0.94020605,0.754073,0.93098384,0.9523111,0.83328533,0.9416504,0.7946407,0.96991736,0.8961014,0.95008475,0.9265161,0.82491237,0.96513367,0.78756505,0.8925258,0.8809488,0.94671965,0.8575284,0.7738277,0.9251187,0.8333119,0.96454465,0.8191858,0.94804054,0.87934834,0.8694281,0.938262,0.9509802,0.9392445,0.91921085,0.962819,0.82746536,0.91798127,0.9602814,0.95082074,0.94333625,0.8921806,0.96778697,0.83597606,0.97418135,0.93313116,0.92226315,0.9027318,0.94508487,0.928759,0.9635568,0.74604416,0.59111,0.5610147,0.83678585,0.8254202,0.8638462,0.96297497,0.93057233,0.88783646,0.8072654,0.9176805,0.7956611,0.75793004,0.8744244,0.81067073,0.8792779,0.9437259,0.90020233,0.95887923,0.859987,0.95630646,0.78917694,0.8564304,0.83972836,0.6921204,0.92946166,0.95367444,0.66927636,0.8698039,0.8959948,0.9605239,0.8828587,0.95046234,0.6410179,0.964239,0.9292594,0.95852447,0.9200536,0.5410849,0.857359,0.7778572,0.87636185,0.9346038,0.849629,0.86700374,0.9504014,0.9469486,0.8754309,0.8281987,0.88071114,0.9117051,0.86152685,0.9034341,0.95527494,0.6640459,0.9672574,0.94190556,0.8022971,0.96078473,0.88083786,0.94916457,0.9595013,0.8836745,0.9278237,0.2208381,0.92977256,0.90135616,0.93391246,0.73961025,0.9545818,0.91198784,0.9516185,0.9184476,0.8436931,0.8323836,0.9571869,0.8719072,0.9437466,0.9246213,0.88069326,0.92300963,0.74481857,0.8745665,0.94091916,0.6099239,0.7252295,0.5260661,0.9557031,0.7431082,0.90813935,0.85450476
X-3268,0.8542848,0.7923959,0.92111087,0.88449645,0.68093634,0.9345361,0.7921648,0.842341,0.9517001,0.94796807,0.9059497,0.71918243,0.9548703,0.9389749,0.78308225,0.38628596,0.94456786,0.87115645,0.94094193,0.8187754,0.936313,0.87422013,0.9581482,0.8795467,0.90232193,0.90443075,0.87804806,0.91902846,0.84372455,0.81301785,0.8727275,0.900831,0.74973524,0.89839476,0.88435435,0.9240726,0.9449288,0.91346174,0.89515376,0.7650208,0.87664753,0.9174264,0.8079661,0.9446439,0.9352027,0.92373914,0.9041048,0.9333198,0.9356938,0.76486,0.5677162,0.7640736,0.79561865,0.8938812,0.7865315,0.927044,0.9588228,0.96347,0.84947926,0.7482486,0.9136672,0.824418,0.8871169,0.9412082,0.7600508,0.9346167,0.9542528,0.8417844,0.9414038,0.80955434,0.9615032,0.8880484,0.94430137,0.93121344,0.82172626,0.9601149,0.76815975,0.88455623,0.89086705,0.9498082,0.8479599,0.7437611,0.92601246,0.8040942,0.9656487,0.837485,0.9443158,0.86844075,0.86390156,0.9309802,0.9489836,0.93578476,0.9179875,0.96378094,0.8002878,0.92720276,0.9675569,0.9484261,0.9479381,0.8814804,0.9638523,0.8109221,0.97393024,0.9293773,0.9213069,0.8924975,0.94469327,0.9334537,0.96503264,0.7698213,0.53963184,0.52878433,0.8151344,0.8426929,0.85684735,0.9597291,0.94038785,0.8833734,0.80800307,0.91701454,0.78617734,0.77348,0.87103134,0.76494503,0.8766916,0.9486842,0.90776503,0.9595624,0.8576887,0.9547321,0.73013395,0.8102529,0.79921204,0.69125843,0.9294026,0.95649,0.6244832,0.8378798,0.8991187,0.96066046,0.87355345,0.95452803,0.6550331,0.9625096,0.92735004,0.95896405,0.9231989,0.58632416,0.8632344,0.7719768,0.8643527,0.94103897,0.8264946,0.86575603,0.9499995,0.95329803,0.87874496,0.8227022,0.8903668,0.9108752,0.84155685,0.9102689,0.9537376,0.6754952,0.96041435,0.9371064,0.79063094,0.9603585,0.8797791,0.9523177,0.9554791,0.8837714,0.92757475,0.2431153,0.934521,0.89849716,0.93920636,0.69973654,0.95404434,0.9068629,0.9547207,0.9155318,0.8016795,0.84301496,0.9555482,0.8805686,0.9447485,0.9240356,0.89374554,0.91369253,0.7876312,0.863596,0.9390541,0.56059235,0.69805986,0.5107859,0.9602445,0.6924968,0.8928024,0.8379823
X-3782,0.8462841,0.77386427,0.9252047,0.87524045,0.7224181,0.93629736,0.79178536,0.8500865,0.9419774,0.9459531,0.90065384,0.72004545,0.9505423,0.94431347,0.78751266,0.39219773,0.9423222,0.85971266,0.9398565,0.813038,0.93185645,0.8669394,0.9571071,0.86749524,0.89388794,0.8803717,0.8681499,0.92928123,0.83430487,0.82991534,0.869921,0.89029396,0.7536542,0.89855343,0.8548277,0.9343069,0.9479409,0.9075444,0.8740422,0.78814113,0.87374556,0.91637343,0.79542476,0.94198203,0.9313818,0.92867386,0.8922927,0.9246588,0.93013203,0.77500165,0.54850906,0.732355,0.7637148,0.8833031,0.7331027,0.92121595,0.9522302,0.9583926,0.8318138,0.7373453,0.91090846,0.827493,0.88588536,0.9331764,0.75859666,0.92356884,0.9511156,0.8401675,0.9448562,0.7861832,0.96189374,0.8911526,0.9436658,0.9280576,0.80677146,0.9651108,0.75219953,0.8798779,0.88956004,0.946414,0.85136944,0.7553836,0.9192369,0.81932,0.96185744,0.8204616,0.94316494,0.8701274,0.86652064,0.9362652,0.94582236,0.9225284,0.9146614,0.96125674,0.81398344,0.9114335,0.95856273,0.95184433,0.9355579,0.88258773,0.9625706,0.81604564,0.96935123,0.9294068,0.9281281,0.90043324,0.94416493,0.92596406,0.9560913,0.75149643,0.5325626,0.51287496,0.8162317,0.8273404,0.85184056,0.9569664,0.92978066,0.8763952,0.790641,0.90516144,0.7451459,0.7773288,0.87373656,0.73805374,0.86894155,0.94492257,0.91340625,0.9571107,0.8446643,0.953534,0.76465046,0.8140695,0.8065797,0.63605404,0.9176837,0.9524284,0.6367776,0.8626396,0.8940071,0.9568721,0.8509438,0.9457106,0.5983535,0.9612201,0.92422146,0.945617,0.9116286,0.5241387,0.85127556,0.7933688,0.8549803,0.9302524,0.83032775,0.8530923,0.94114804,0.9459893,0.8645096,0.81448406,0.8916449,0.91196775,0.8537728,0.89686435,0.95127034,0.6662778,0.9568603,0.9337854,0.79788804,0.95716095,0.87593716,0.9404715,0.9565683,0.8695519,0.92261153,0.24287948,0.93247145,0.89690894,0.9376396,0.70149255,0.9537248,0.90240103,0.9540703,0.91627026,0.80339926,0.832375,0.9487079,0.8714573,0.9422032,0.91849226,0.89112836,0.9174926,0.79220945,0.88074005,0.9338674,0.5818418,0.7253543,0.4776947,0.9508139,0.743136,0.88111293,0.83156705
X-3800,0.8533385,0.79039925,0.9225181,0.88165355,0.73718,0.93147004,0.840568,0.85637754,0.9475934,0.94921064,0.8997848,0.70723975,0.9503148,0.9424539,0.7942465,0.39281902,0.9401511,0.8565769,0.9403443,0.85573363,0.9309736,0.8728402,0.9580894,0.89293104,0.9154054,0.89419407,0.8675737,0.92973816,0.8293424,0.80305594,0.8636019,0.90029836,0.7089617,0.887791,0.8574507,0.92263913,0.9424947,0.91767895,0.8705352,0.6921509,0.8853529,0.9277881,0.7929748,0.9435167,0.9292142,0.90766215,0.8937085,0.91545653,0.932848,0.7790745,0.55311376,0.7197755,0.79303956,0.89011425,0.778994,0.919653,0.953806,0.9613197,0.8318563,0.76449,0.913432,0.8377751,0.8982284,0.93382293,0.7150522,0.9214688,0.9498313,0.83260053,0.93931746,0.7912969,0.95931023,0.889891,0.94421405,0.9277558,0.80250424,0.96049863,0.73358655,0.88595945,0.89529675,0.94184315,0.86916137,0.7151811,0.92010534,0.83474326,0.965474,0.7974377,0.9460655,0.86883926,0.86654156,0.9333156,0.9409524,0.9323353,0.9149118,0.959722,0.83404756,0.91792387,0.9630838,0.94928527,0.937999,0.8756673,0.96479625,0.8288355,0.9694653,0.92685455,0.92277884,0.89161587,0.94054365,0.9323669,0.96353954,0.76870954,0.53363985,0.5836965,0.8337792,0.8232665,0.85874647,0.96503586,0.92451155,0.9000659,0.8050469,0.9106793,0.8209359,0.77801925,0.85769147,0.76231545,0.8673012,0.9516027,0.91346717,0.9602054,0.86892116,0.9519415,0.7658848,0.8174115,0.81701225,0.62495315,0.9335203,0.95373046,0.59758604,0.83957684,0.8957335,0.95413524,0.8766775,0.94494426,0.6742009,0.96385235,0.9246292,0.95071775,0.9241612,0.6251263,0.8534078,0.77989805,0.86593556,0.93464595,0.8462721,0.85881543,0.9424391,0.94800746,0.88095015,0.82664794,0.88802016,0.9109634,0.8377014,0.9084368,0.9545976,0.6686061,0.96097624,0.93930733,0.7817158,0.9576987,0.8811529,0.94348925,0.95720553,0.88476676,0.9135879,0.25235665,0.93181074,0.9027002,0.93068784,0.7228787,0.94995785,0.9006175,0.94821453,0.9227124,0.8146951,0.8264652,0.95354915,0.86554444,0.9362061,0.922962,0.90502256,0.9096921,0.71913654,0.86261153,0.93363285,0.5394232,0.7124318,0.43912423,0.95576346,0.616252,0.8931654,0.8403161
X-3816,0.87027466,0.81417,0.9285986,0.87748814,0.7546227,0.92990303,0.82025146,0.84996396,0.947084,0.9476221,0.8973214,0.76695466,0.95561826,0.93604666,0.77919066,0.3801699,0.94470614,0.85204536,0.9427144,0.8480888,0.93631434,0.8624162,0.9647346,0.8955205,0.9073544,0.8930501,0.85971755,0.9286544,0.8296954,0.8225772,0.87198573,0.89251447,0.7445135,0.9045027,0.876299,0.9330176,0.9403699,0.91999495,0.86925787,0.75328815,0.89065766,0.9255705,0.8043609,0.945876,0.9342939,0.92568886,0.9120511,0.9247817,0.92967576,0.7846225,0.54444134,0.77607566,0.78779066,0.89263487,0.7199618,0.9117012,0.9529119,0.96171904,0.8542552,0.76786774,0.90484554,0.8525318,0.8974823,0.9326872,0.6937449,0.9210632,0.95096385,0.8496257,0.9398414,0.778506,0.9601329,0.88777417,0.9445584,0.9249137,0.8391316,0.96242607,0.7939129,0.8756907,0.8949632,0.93865407,0.85453427,0.7728482,0.92296326,0.8162015,0.9605554,0.8205065,0.9410183,0.8818968,0.8780031,0.9405177,0.94423556,0.94257003,0.92146343,0.9662181,0.7967334,0.91886395,0.960236,0.95330274,0.93455786,0.88313645,0.9652173,0.8507674,0.97312653,0.93096066,0.92429847,0.8982654,0.9342001,0.9309567,0.9552716,0.80217993,0.53932214,0.5808289,0.83539665,0.82640237,0.83425015,0.955231,0.92926776,0.8922899,0.8026658,0.92415655,0.7655382,0.7838936,0.87345016,0.7884966,0.8723849,0.9393243,0.91164565,0.9567426,0.83309066,0.94830334,0.7978438,0.8460169,0.84386593,0.67647636,0.929805,0.9508589,0.64519453,0.8595666,0.8832327,0.95990497,0.8710707,0.95124114,0.65287197,0.96339935,0.92855847,0.93777037,0.91342133,0.62529373,0.8546762,0.8085774,0.8566899,0.9364451,0.8674829,0.8622355,0.9438114,0.95047987,0.8833032,0.82568264,0.8844085,0.9084211,0.8609468,0.90714467,0.95022124,0.6823448,0.9574899,0.940945,0.8317509,0.9549695,0.880617,0.94603086,0.9602481,0.89092666,0.92292625,0.26175246,0.9340957,0.897328,0.9342859,0.7039416,0.9530101,0.8975155,0.9557727,0.920473,0.8250764,0.8259035,0.95030004,0.862283,0.93533933,0.92336357,0.87550735,0.91440856,0.6528171,0.8735442,0.93293095,0.6510144,0.76354885,0.60731274,0.94830954,0.75767505,0.90299374,0.8448458
X-3846,0.8366435,0.7419143,0.9155673,0.85833126,0.65379685,0.9492431,0.80514425,0.85010636,0.94833744,0.9456159,0.9041198,0.6522879,0.9487735,0.9497891,0.81813747,0.37431833,0.9415028,0.8463052,0.94941574,0.8128537,0.9424055,0.87342644,0.9583488,0.8892667,0.8894799,0.8962293,0.88516843,0.9297687,0.82729834,0.8366095,0.839352,0.91368985,0.77123004,0.9058462,0.8713145,0.9192593,0.94935435,0.9091383,0.87405455,0.5945566,0.88193786,0.92778295,0.81488717,0.943157,0.9305165,0.9310104,0.903755,0.93195486,0.93679196,0.72477055,0.5444705,0.74639595,0.7892942,0.87882876,0.79338735,0.9266521,0.9586698,0.9611881,0.8053715,0.7275129,0.91002667,0.82180583,0.8931,0.9419159,0.82007307,0.9326573,0.9547754,0.83067876,0.93990606,0.7935634,0.96355456,0.90365446,0.9490979,0.92606825,0.78776485,0.9570853,0.6834534,0.8997283,0.87959427,0.9496918,0.86957157,0.78263885,0.9399523,0.8447894,0.96621764,0.8390167,0.95226514,0.8696974,0.85823417,0.9427739,0.9489542,0.92858505,0.91993636,0.9691626,0.77525824,0.912001,0.9671697,0.9533125,0.9449799,0.89293796,0.9664345,0.8298076,0.96729213,0.92438084,0.928119,0.90908957,0.95973396,0.93214905,0.9607263,0.7411415,0.5659793,0.47650686,0.8040035,0.8414376,0.86696225,0.9635049,0.93665326,0.87656265,0.79007417,0.9272435,0.7613562,0.74129564,0.8749838,0.74616516,0.8774736,0.95342433,0.9158582,0.9638684,0.8841975,0.9590267,0.75208694,0.786677,0.7825716,0.6133484,0.9154592,0.96141195,0.5373862,0.84630287,0.89678085,0.96204597,0.893731,0.94961065,0.5713374,0.9616294,0.9291988,0.95571476,0.9180017,0.52940893,0.85563904,0.7742898,0.8916084,0.92920375,0.83195347,0.85549164,0.94793606,0.94797194,0.8699397,0.8240683,0.9024212,0.92172134,0.87076277,0.90823334,0.9558592,0.6858559,0.95956373,0.93821454,0.737657,0.95713896,0.885961,0.9475816,0.9555212,0.8838685,0.93224454,0.20472863,0.9293778,0.8977034,0.94424284,0.7261485,0.9567444,0.91679806,0.9549351,0.91774845,0.78710073,0.8498222,0.9591804,0.8807945,0.9527167,0.9250589,0.88003266,0.915522,0.8478105,0.8884881,0.94026524,0.5345491,0.6558908,0.51787144,0.9562943,0.7015619,0.89339477,0.8430247
X-3898,0.8428206,0.7805863,0.92610395,0.8886515,0.70843124,0.9382917,0.8249228,0.86526656,0.9504193,0.9536874,0.91617125,0.7040913,0.95382017,0.94060546,0.8060118,0.3690081,0.9472671,0.87669873,0.94617915,0.833965,0.936647,0.8688995,0.9614485,0.88143784,0.9022629,0.89855236,0.88229793,0.9252753,0.8359221,0.82866764,0.8681254,0.9020206,0.7633698,0.91748047,0.87207097,0.93062574,0.94901747,0.91726995,0.8878281,0.71042496,0.88809556,0.9259773,0.801146,0.94991606,0.931892,0.9267886,0.9041051,0.9325902,0.93455815,0.757291,0.54654676,0.77260303,0.80425996,0.8925175,0.78514624,0.92414474,0.9536407,0.95873165,0.8235777,0.76036876,0.91392887,0.83506423,0.8987274,0.93872803,0.76390773,0.93182904,0.95462704,0.83992696,0.94385815,0.792135,0.9621242,0.8909875,0.9497167,0.9280465,0.8231645,0.96554595,0.7738847,0.8721658,0.8967051,0.94937104,0.8676,0.76052,0.9314315,0.8095919,0.9668139,0.83677304,0.94931525,0.88173634,0.8714693,0.93917966,0.9486153,0.9350227,0.9214587,0.97025985,0.7853096,0.9252551,0.96780574,0.95578635,0.9475098,0.88402694,0.96565217,0.84952736,0.976405,0.9388511,0.924808,0.9106244,0.94708705,0.94030166,0.9615545,0.7848634,0.5344475,0.54339826,0.8342689,0.8408405,0.8722496,0.96177155,0.9401488,0.8997874,0.80216396,0.92261386,0.7839013,0.7790866,0.87828624,0.7456426,0.8881358,0.9439169,0.91548645,0.95865804,0.8637167,0.9533319,0.76989144,0.83617735,0.8130485,0.68484795,0.9286592,0.95854294,0.58992374,0.8404164,0.89345366,0.9603578,0.882867,0.95381606,0.67512053,0.96842855,0.93433285,0.9507005,0.92071164,0.5331011,0.85948247,0.760354,0.87124795,0.94625753,0.8455424,0.8569777,0.9460252,0.94511825,0.89005977,0.84123313,0.8896657,0.9191561,0.84347016,0.9031699,0.956176,0.69839,0.96399367,0.9426466,0.79899055,0.95818776,0.8843035,0.9482103,0.95888776,0.8898036,0.9202167,0.25456306,0.92937285,0.9068059,0.9406877,0.6780925,0.9604479,0.9135542,0.96220887,0.90998733,0.8080543,0.83457065,0.96288985,0.88239956,0.9409598,0.92761964,0.89580244,0.92585325,0.8090219,0.89595556,0.93949,0.5378018,0.7187042,0.49525046,0.96090186,0.71713424,0.896086,0.84751904
X-3947,0.84809035,0.81292206,0.92799985,0.8806489,0.73050594,0.9405731,0.83787686,0.86903626,0.94956225,0.95117396,0.91109204,0.6967447,0.9537298,0.9395483,0.8362022,0.34004217,0.94400716,0.87731266,0.9492481,0.85116524,0.93692017,0.86135167,0.9612428,0.9106404,0.9162631,0.89247143,0.8605318,0.930771,0.8187869,0.85031974,0.80377775,0.9006315,0.7242921,0.8854114,0.8793978,0.92221236,0.93344724,0.92604077,0.86150205,0.7113392,0.8876349,0.9362608,0.7859342,0.9457205,0.9430858,0.94355214,0.9144975,0.9206091,0.9396858,0.76570463,0.58605576,0.70666075,0.7567477,0.87391996,0.70622176,0.920713,0.9518817,0.9585469,0.85667366,0.7901137,0.91511273,0.8454127,0.91708565,0.93988377,0.6734759,0.93111145,0.9567559,0.8148169,0.9437962,0.7847383,0.9673788,0.8950275,0.9492996,0.9345175,0.8332999,0.9621115,0.74176794,0.9014427,0.9120086,0.9469047,0.84603715,0.7738901,0.9386259,0.8521483,0.96438426,0.8124375,0.94884914,0.8708334,0.88036144,0.9423714,0.9475444,0.9318666,0.9233212,0.9629669,0.78180707,0.92515725,0.96502805,0.9472596,0.93364966,0.8848131,0.96829724,0.8336962,0.97082984,0.9324206,0.9266461,0.9051315,0.9429469,0.9339073,0.95819974,0.77634794,0.5548596,0.63487417,0.8361205,0.82440656,0.86347425,0.963421,0.9296075,0.8788265,0.80559355,0.9122801,0.8076582,0.7351007,0.8785489,0.8026924,0.8747676,0.9431726,0.9227835,0.9639043,0.878327,0.954919,0.8025991,0.8227856,0.807778,0.6167305,0.93569744,0.9557694,0.64193547,0.86193645,0.88380975,0.96048117,0.89578557,0.9497282,0.64001954,0.96677244,0.92598414,0.9565793,0.91402817,0.5214312,0.85207015,0.815956,0.8698739,0.927968,0.8563073,0.8767855,0.93823516,0.95601845,0.8760426,0.8416169,0.8917498,0.9213754,0.8673176,0.9159301,0.9544097,0.6504091,0.959373,0.9408813,0.77864516,0.95539623,0.874604,0.9512265,0.96122944,0.88716674,0.9157535,0.21003646,0.93351835,0.91070646,0.939433,0.7374738,0.9514633,0.9090997,0.94245476,0.9158705,0.8458151,0.82069194,0.9505685,0.86113846,0.9464313,0.9221282,0.9224353,0.9172381,0.6127854,0.9244953,0.93797153,0.60191345,0.7625366,0.59251946,0.9550806,0.7501662,0.91939056,0.8414062
X-3990,0.84017193,0.7882727,0.9241366,0.8596315,0.66148657,0.94259024,0.80982983,0.84538203,0.9509202,0.94933116,0.90626216,0.65158796,0.9541708,0.9393652,0.82785255,0.3292636,0.94333553,0.85785353,0.94335675,0.8244293,0.93023473,0.83734494,0.9606814,0.8845242,0.9015092,0.88892365,0.88061976,0.9269506,0.817094,0.83575445,0.8246415,0.90268743,0.755277,0.8980806,0.8657486,0.9293022,0.9420988,0.9232939,0.8739355,0.53832656,0.8837575,0.9366157,0.78298825,0.95233977,0.92310286,0.92782927,0.89345497,0.93183243,0.93276703,0.76146615,0.54150987,0.7454387,0.77197576,0.87752295,0.8100283,0.91784877,0.95400465,0.96343964,0.8307169,0.7566725,0.90934026,0.82967496,0.8974105,0.9405911,0.7662125,0.92908466,0.94824684,0.8399158,0.94544643,0.7794924,0.96976227,0.89031535,0.9496231,0.9304609,0.78898305,0.96059614,0.7156669,0.90175873,0.8859043,0.94633025,0.88608503,0.70815074,0.9286917,0.85415894,0.96513975,0.83680767,0.95432144,0.86102295,0.8680875,0.9440797,0.93865913,0.9334086,0.91938317,0.96666396,0.78566146,0.9248794,0.9605935,0.951915,0.9491806,0.8920735,0.95985115,0.8158317,0.9643893,0.92316616,0.9160083,0.9137903,0.9435765,0.93256015,0.96009535,0.7709049,0.55237365,0.5436936,0.80776334,0.8065115,0.87189573,0.9639621,0.93621135,0.89254314,0.8204339,0.9213451,0.7621408,0.7524434,0.85465664,0.7990426,0.87452817,0.9519392,0.9209849,0.9594324,0.8731353,0.94868726,0.80288804,0.80997056,0.80111355,0.618875,0.92442846,0.9538332,0.6557343,0.83601063,0.89690304,0.9607908,0.89364684,0.9478077,0.66905254,0.9659293,0.92906773,0.9613847,0.9269846,0.55707055,0.84918684,0.7630621,0.89364654,0.9287263,0.82676697,0.866572,0.94746757,0.949325,0.886624,0.83851886,0.8947966,0.9146531,0.85684735,0.9194295,0.9562434,0.69880545,0.9639308,0.94042873,0.76227415,0.95608646,0.87121856,0.9400268,0.95498854,0.8920999,0.92153716,0.22829612,0.9371484,0.905482,0.93548054,0.6796747,0.9563534,0.91255766,0.95150983,0.9276578,0.8198722,0.83072585,0.95739925,0.87065315,0.94778806,0.9306027,0.89413804,0.9030994,0.7034458,0.84419847,0.93630177,0.53314686,0.687808,0.43432108,0.9633066,0.5943875,0.90977126,0.8387051
X-4015,0.8421239,0.7838357,0.9247884,0.8678285,0.68933904,0.93529516,0.80551124,0.8490866,0.9462263,0.9424835,0.8924472,0.6968257,0.9497761,0.93823504,0.78725404,0.3553366,0.9373681,0.870007,0.9388741,0.83334875,0.9328119,0.8596223,0.9600901,0.8888591,0.90024275,0.8876794,0.8712048,0.92670447,0.84645873,0.79712087,0.8526904,0.8957634,0.7509532,0.8872367,0.86854017,0.9262427,0.94261634,0.9159034,0.8710135,0.6374033,0.8778864,0.9233898,0.79025555,0.945697,0.9276772,0.91721463,0.9066639,0.92113984,0.9287071,0.75939953,0.5567434,0.7128828,0.7775734,0.88889754,0.7807953,0.91443366,0.9500362,0.9592035,0.8364299,0.742821,0.909832,0.8161035,0.89357877,0.9322041,0.7237553,0.9204028,0.947807,0.8305624,0.9358833,0.7738278,0.9631487,0.88826704,0.9424059,0.9212396,0.80610275,0.95862883,0.7650551,0.87227845,0.8882333,0.9370801,0.8568814,0.70066917,0.92326427,0.81517684,0.9609027,0.8208901,0.9436761,0.8603578,0.87581176,0.9385304,0.94477177,0.9325439,0.9162825,0.9606766,0.81316006,0.91313815,0.9607768,0.9433026,0.9405647,0.889509,0.96107304,0.85498077,0.9694032,0.9279044,0.9222261,0.90453726,0.94853944,0.92777133,0.95996076,0.7832184,0.53577816,0.5213305,0.7983869,0.81329894,0.8472703,0.9569087,0.93794173,0.87725616,0.79599994,0.9179408,0.80413437,0.7591592,0.86522734,0.76079404,0.8458809,0.94699985,0.9017931,0.95785683,0.8444858,0.94660896,0.76818824,0.816784,0.7936551,0.6613528,0.9185048,0.9485569,0.5628644,0.84741527,0.87519944,0.95912796,0.86750454,0.9493867,0.64312685,0.96154904,0.9199666,0.9485624,0.9126915,0.58018667,0.8534178,0.76196575,0.86989075,0.9370311,0.8481496,0.84651256,0.94529194,0.9485515,0.86645156,0.84261674,0.88739324,0.90750563,0.84386307,0.90067834,0.9504196,0.69465524,0.95235604,0.9344296,0.8107589,0.95336866,0.87681586,0.94844025,0.95577174,0.8867569,0.9038072,0.23398688,0.9322552,0.8935057,0.9293486,0.7013362,0.95349395,0.9016594,0.951864,0.9083694,0.7919837,0.8210318,0.95657575,0.8567404,0.9346415,0.9209497,0.8947046,0.9179473,0.7740198,0.8484802,0.93147886,0.52521574,0.6775184,0.44612533,0.95473933,0.6270687,0.88998425,0.83389926
X-4018,0.8509903,0.77180225,0.9238934,0.88100964,0.75262207,0.9362404,0.80379,0.8433328,0.9464771,0.94715285,0.88737386,0.75249416,0.9511169,0.94401103,0.79204875,0.4489888,0.94104713,0.8502799,0.94046444,0.83912534,0.9211358,0.861407,0.960964,0.8818478,0.9092993,0.894606,0.8638769,0.92485,0.7987262,0.8176063,0.8544847,0.8973155,0.75426185,0.89385104,0.8766415,0.925807,0.9414798,0.90770066,0.8808046,0.73407596,0.87615997,0.9195015,0.78923905,0.94012916,0.92712605,0.9258081,0.89257073,0.9166356,0.931293,0.7988864,0.57345414,0.7521333,0.76921964,0.8800899,0.79293656,0.9126022,0.9498791,0.9599533,0.83925253,0.7809814,0.9054719,0.8211832,0.8927397,0.93124676,0.75018996,0.92000806,0.9500074,0.8285919,0.9362435,0.79650617,0.957308,0.88251936,0.94495696,0.92430913,0.79645824,0.95778334,0.7634678,0.8840946,0.87492645,0.9432333,0.86839175,0.7442142,0.9284952,0.8295915,0.9645915,0.799832,0.94059384,0.8664731,0.8573941,0.9287339,0.938233,0.9331416,0.90867275,0.9603746,0.80452925,0.9150018,0.9605384,0.94670075,0.93181527,0.8812474,0.9647346,0.821651,0.97076696,0.92581916,0.92215216,0.90027046,0.9461749,0.92776746,0.9615521,0.75136167,0.5469886,0.5687542,0.8338823,0.8292929,0.8261426,0.9621742,0.93036216,0.8939523,0.81292266,0.9164587,0.8028805,0.76908034,0.8600021,0.8000195,0.8795575,0.9436677,0.9010351,0.9555723,0.84882027,0.95301723,0.77343947,0.828597,0.8370773,0.646985,0.92382,0.9471281,0.68687934,0.8675492,0.8985226,0.9548755,0.878076,0.94476193,0.634994,0.9635844,0.92084867,0.9446196,0.92142737,0.6098103,0.8481343,0.78272754,0.88183856,0.93196213,0.81894135,0.851573,0.94320124,0.95091826,0.86718476,0.8235375,0.8830317,0.9064113,0.8436387,0.9086737,0.9502907,0.6858157,0.9565008,0.93906796,0.78099984,0.95593834,0.8785976,0.9424219,0.9543967,0.8897834,0.91902584,0.22799104,0.91035336,0.8873343,0.93191284,0.6994975,0.953218,0.9020503,0.94756156,0.9174675,0.80778575,0.82263416,0.94951355,0.8672897,0.9411462,0.92032486,0.8719879,0.91054213,0.7469068,0.8446614,0.92686003,0.61276853,0.715862,0.548412,0.95254517,0.7122143,0.8978886,0.8482573
X-4215,0.8633926,0.80160874,0.9284665,0.87783355,0.70776516,0.9314494,0.81744397,0.856866,0.94575363,0.94680995,0.9007266,0.7351795,0.95363736,0.93690795,0.8160358,0.40615958,0.94599026,0.86773723,0.9507091,0.8337395,0.9359274,0.8639898,0.9628171,0.8902146,0.892391,0.8907881,0.86729544,0.9260919,0.84371597,0.8416783,0.87706083,0.88320434,0.7394578,0.8947255,0.8591107,0.92878276,0.9511942,0.92169493,0.86720335,0.7518395,0.8896903,0.92898434,0.79905075,0.9438252,0.934777,0.92786396,0.8981416,0.9272672,0.9314458,0.74834853,0.60395086,0.7442753,0.7906881,0.8991857,0.7293181,0.9173285,0.9563717,0.96285045,0.8581686,0.74457973,0.9095358,0.84917706,0.8978532,0.9363775,0.6800512,0.9269601,0.9493467,0.8461249,0.93807906,0.7842257,0.970061,0.8918978,0.94362885,0.9231542,0.818336,0.95973706,0.77951556,0.8787055,0.8887182,0.9449929,0.8631241,0.75678205,0.9302644,0.817718,0.9613835,0.8219957,0.94320446,0.8725889,0.8591209,0.9446355,0.94575405,0.9383954,0.92334557,0.96095586,0.7677507,0.9233021,0.959088,0.94982284,0.94273365,0.88044846,0.96842885,0.8282858,0.9778595,0.9254766,0.92305744,0.9001681,0.93870777,0.9358257,0.96107405,0.7759846,0.55829346,0.6068777,0.83920777,0.82219154,0.8445638,0.9574803,0.9306183,0.9040485,0.8184577,0.91407055,0.7374576,0.7913437,0.86629516,0.7601929,0.87447876,0.9342982,0.9117225,0.9609274,0.8592954,0.94985443,0.7755372,0.8155856,0.8322403,0.6668971,0.9290521,0.9573924,0.61990595,0.8624266,0.88590556,0.9596226,0.87369704,0.9506871,0.66617143,0.9610667,0.93022114,0.95431274,0.9193144,0.597146,0.8639728,0.7851843,0.87046874,0.93517387,0.8373728,0.867153,0.9427685,0.9515773,0.8895201,0.82611084,0.892613,0.91544837,0.8475819,0.89604926,0.9555852,0.71057236,0.9691055,0.94018734,0.8217194,0.9613003,0.9018629,0.9413362,0.9579506,0.88684475,0.9222611,0.23311405,0.93091697,0.90024257,0.9372198,0.68886745,0.952724,0.912497,0.95138663,0.9182913,0.8116339,0.82684314,0.9569081,0.87064224,0.94378257,0.92977506,0.87907535,0.9103234,0.74747556,0.87166584,0.931478,0.5432198,0.7410257,0.49336505,0.95745206,0.676311,0.9011256,0.8380578
X-4226,0.8712925,0.81288826,0.93073624,0.9000223,0.72696334,0.9401283,0.79478866,0.8690804,0.9486499,0.9524467,0.9064505,0.7357724,0.9586193,0.9546054,0.83533,0.4076834,0.94652146,0.8722465,0.9501151,0.84308827,0.9453573,0.8850818,0.9663482,0.889828,0.90315926,0.891113,0.88926667,0.9334175,0.8363155,0.84133846,0.88014495,0.9071815,0.80771726,0.9139433,0.87849057,0.9422004,0.9550492,0.9258451,0.8993138,0.67468506,0.8900212,0.9318131,0.836586,0.94248134,0.9282219,0.9323488,0.91355115,0.93210936,0.9315526,0.7818931,0.601907,0.7947983,0.78676504,0.8939543,0.7773199,0.9261383,0.95873684,0.95939034,0.83714354,0.727037,0.91793513,0.8545325,0.9050542,0.9418786,0.7938039,0.93461835,0.95081466,0.8609592,0.94310695,0.8122987,0.9671559,0.8957057,0.951442,0.9322607,0.83935636,0.97029555,0.78044575,0.89391065,0.887517,0.95234144,0.880376,0.78136367,0.9350303,0.8348512,0.9643988,0.856198,0.9510284,0.8819404,0.88145536,0.9423241,0.94760984,0.93214905,0.9233096,0.96724564,0.79937565,0.9272969,0.9652931,0.95896345,0.94829917,0.8981782,0.96719474,0.84541136,0.9785115,0.9384271,0.9278485,0.906028,0.9491539,0.93591017,0.96432555,0.8137042,0.5682441,0.60061973,0.82852066,0.83136696,0.85839844,0.95905745,0.93943435,0.9048869,0.79256195,0.929589,0.7892569,0.7644806,0.8925191,0.77620465,0.89390254,0.9488437,0.90807766,0.96273327,0.8693273,0.9558133,0.76195526,0.83859724,0.83262146,0.64690995,0.92498606,0.95871323,0.66401803,0.86811405,0.89853513,0.9620133,0.87451446,0.9530983,0.6498338,0.96770215,0.9331396,0.9574125,0.9278361,0.5727372,0.8585132,0.77517074,0.8951695,0.94317746,0.8459994,0.87317955,0.95308226,0.9516452,0.89276177,0.82134795,0.90064216,0.9181581,0.85076964,0.90669173,0.9587859,0.67096925,0.958275,0.9441244,0.7862729,0.96560603,0.8965321,0.94723433,0.95981234,0.8854921,0.9379846,0.23931442,0.93616843,0.9018868,0.94476414,0.75052094,0.9592741,0.91854644,0.9582607,0.9344631,0.84450644,0.84232914,0.958748,0.8907738,0.9530867,0.93038654,0.8883705,0.9218257,0.8227553,0.8574863,0.938758,0.58724827,0.73364514,0.5260925,0.9645267,0.71686447,0.90299946,0.85836744
X-4316,0.8322177,0.7625681,0.9149966,0.85567737,0.69690764,0.92616224,0.7991882,0.8257239,0.9358543,0.9375363,0.88921773,0.70286095,0.94637036,0.9493384,0.7863452,0.38759246,0.9336146,0.84650755,0.93804836,0.8146976,0.9197967,0.875252,0.95236355,0.8863349,0.8843765,0.8763344,0.86545265,0.9182791,0.8309858,0.818952,0.8657255,0.9047004,0.7403873,0.87898636,0.86909527,0.9115408,0.9404151,0.91279495,0.858437,0.5885748,0.87524414,0.9099678,0.79505455,0.9396922,0.9260497,0.91304576,0.88174856,0.92172545,0.92292976,0.7385826,0.53759325,0.7263089,0.7801043,0.86879927,0.7841858,0.9113357,0.9500405,0.9619447,0.81534886,0.7365426,0.89925164,0.82997537,0.88242584,0.93565816,0.6908204,0.91898376,0.9417605,0.8344928,0.9344635,0.7744757,0.9530274,0.89163923,0.9417135,0.9239807,0.7690205,0.9552423,0.72354645,0.8828053,0.8734041,0.94127035,0.8732067,0.7295993,0.91901004,0.8211906,0.9600665,0.8139679,0.9441261,0.8722743,0.8432179,0.9403163,0.9426341,0.9233642,0.9057721,0.9623618,0.8120627,0.9171544,0.9547995,0.9455731,0.9371425,0.8811396,0.96053356,0.82638675,0.96473724,0.93033993,0.91848826,0.89084774,0.939508,0.9271533,0.957739,0.71936065,0.5353125,0.4986175,0.7939822,0.8180628,0.83159363,0.95681506,0.9288368,0.85804963,0.77758205,0.9086862,0.7646202,0.74431974,0.8530748,0.76350486,0.86181515,0.94170177,0.9004792,0.95425564,0.8574045,0.9514562,0.76222295,0.8119112,0.7997914,0.6086264,0.91968596,0.94581664,0.5740203,0.8198886,0.88745755,0.9495635,0.8593825,0.9463586,0.6230229,0.9587242,0.92657787,0.95831853,0.91693974,0.57335985,0.85487056,0.7551561,0.87098294,0.9160732,0.80140144,0.8483466,0.94112504,0.94537044,0.87248063,0.8084477,0.8804936,0.9023929,0.8407324,0.9005887,0.9466113,0.6334142,0.9581035,0.9316582,0.798074,0.9550404,0.8646085,0.9385674,0.949129,0.88021475,0.9229107,0.24405834,0.9233061,0.8970639,0.9315547,0.6701906,0.948993,0.8982594,0.95095897,0.9239868,0.7808877,0.826286,0.95090866,0.8615573,0.937396,0.92239106,0.878367,0.8914743,0.79271024,0.83914363,0.9277563,0.5532947,0.6957705,0.4522226,0.95285046,0.66711044,0.88202596,0.8380713
X-4377,0.85407317,0.76205564,0.9290478,0.8797572,0.69853467,0.9335031,0.8292351,0.8460814,0.94744396,0.9434044,0.8986286,0.6973283,0.949261,0.9442166,0.8084738,0.38582352,0.93990064,0.8410307,0.9433712,0.84242004,0.9323033,0.86332184,0.96398145,0.8839221,0.90951025,0.8823257,0.8684707,0.930113,0.80480087,0.8339258,0.8532493,0.89877117,0.7477134,0.88495266,0.87603796,0.9344258,0.9438719,0.9209281,0.8638954,0.78145015,0.88686264,0.92386836,0.7995271,0.9386255,0.93574613,0.931349,0.90491027,0.9257603,0.9314189,0.7794768,0.4792733,0.7107135,0.778216,0.86752456,0.75102675,0.91811234,0.953713,0.95976454,0.84423053,0.7654877,0.9092113,0.8292733,0.9049359,0.9356769,0.74994504,0.92432076,0.9517709,0.8265523,0.94437927,0.78007764,0.9664917,0.8822543,0.94696516,0.92838436,0.7931017,0.95740414,0.7776164,0.8940106,0.88562644,0.94290304,0.8556936,0.74201137,0.93625945,0.8243878,0.96270955,0.8036767,0.94472057,0.8719508,0.87278515,0.93912214,0.94133013,0.93913287,0.9208538,0.96189153,0.7964949,0.91304487,0.96347255,0.9532403,0.94374067,0.88810813,0.96422064,0.81084657,0.9747196,0.92518634,0.91628784,0.89150935,0.9498378,0.9315609,0.9627924,0.75423145,0.5279297,0.42655313,0.8254379,0.81152034,0.8523301,0.96309155,0.9257342,0.87845266,0.78697246,0.9131346,0.7839312,0.7380973,0.87751293,0.77293575,0.8752458,0.9393655,0.91467106,0.9558551,0.8536644,0.9455282,0.7492712,0.818197,0.8231128,0.6208819,0.92398345,0.95283705,0.6043293,0.8358462,0.9007543,0.9566095,0.8858697,0.95077026,0.641498,0.9607312,0.93055725,0.94943446,0.90915024,0.6067736,0.85605973,0.7576968,0.8759884,0.9357414,0.84053475,0.8563301,0.9437719,0.9489708,0.88344663,0.8261221,0.8890602,0.91214,0.8542989,0.9066722,0.95604247,0.65550995,0.956979,0.93687856,0.8165904,0.9550452,0.88683593,0.947263,0.96238524,0.8829877,0.9217971,0.22344898,0.92991096,0.90154684,0.932602,0.69137436,0.9563465,0.9017744,0.95194995,0.92215574,0.7796237,0.82003987,0.95603466,0.8689617,0.940996,0.9224489,0.8748229,0.9160574,0.82558227,0.867491,0.93704337,0.59937686,0.74797195,0.50299495,0.95011383,0.73912627,0.8911292,0.8394294
X-4378,0.8638636,0.73865414,0.9236459,0.8861445,0.6833897,0.93075055,0.7941484,0.8438123,0.9428744,0.9435541,0.89742994,0.7449464,0.9510953,0.9459872,0.7813545,0.41197225,0.938,0.8635585,0.93669754,0.8481754,0.9337358,0.87138474,0.95966214,0.8848508,0.9036651,0.8981387,0.8689134,0.91933256,0.84311324,0.8194308,0.8439482,0.8932455,0.7504341,0.89703435,0.8746658,0.927816,0.9421491,0.9170026,0.875824,0.7129569,0.881597,0.92181164,0.80669475,0.94003665,0.93441665,0.91435057,0.8932629,0.91828763,0.92757004,0.7526315,0.5479985,0.7324473,0.7737637,0.8947201,0.78750783,0.92263305,0.9509267,0.9645842,0.8311247,0.7670236,0.90946996,0.8322065,0.88462555,0.93538517,0.7315234,0.9271386,0.94873154,0.8199016,0.9433134,0.80213153,0.9636522,0.8914235,0.9395935,0.9274333,0.82012427,0.9612345,0.74833465,0.87631786,0.8897381,0.94758755,0.86887175,0.76593345,0.9326843,0.8230526,0.962683,0.8020257,0.94119334,0.8695761,0.86403346,0.9378342,0.9470358,0.9425212,0.91788495,0.9578035,0.82368755,0.9229309,0.96269256,0.9532995,0.9374567,0.88203704,0.9657229,0.8282902,0.97152144,0.9308864,0.9090875,0.90591,0.94230115,0.9290851,0.9574577,0.76021683,0.5320603,0.5050693,0.811867,0.8106481,0.84441733,0.960315,0.9224029,0.87202114,0.77661055,0.90578085,0.79236645,0.739037,0.86868346,0.7600714,0.86807674,0.94462293,0.9027016,0.9568374,0.8522456,0.9495577,0.77203655,0.8129086,0.8147968,0.6624092,0.9179669,0.9551333,0.5897161,0.83218396,0.8941038,0.95567197,0.8670999,0.9430358,0.68864286,0.9586013,0.9236198,0.95860225,0.91843337,0.56606215,0.85526204,0.7495454,0.8676789,0.92291695,0.8107698,0.84869874,0.9398176,0.95111966,0.8645105,0.8280998,0.8820136,0.906992,0.8612304,0.9032315,0.9519452,0.69908386,0.9565245,0.93775696,0.7431722,0.9546313,0.8697221,0.9465709,0.9504853,0.88373935,0.92592794,0.21480499,0.92696315,0.89713573,0.93305695,0.7002495,0.95324796,0.9092346,0.95314854,0.9256039,0.82000595,0.8332984,0.9506001,0.86917067,0.9447591,0.92736876,0.8834317,0.9051523,0.76605934,0.82857597,0.9331232,0.5712379,0.71836585,0.52417326,0.95637846,0.69686913,0.90237737,0.84374535
X-4649,0.8778453,0.77747786,0.9299288,0.90297484,0.74254566,0.941469,0.8358874,0.8763702,0.95476073,0.9557362,0.91081554,0.75190735,0.9615686,0.94960934,0.79537743,0.48368156,0.9486869,0.8727586,0.94844216,0.87087333,0.94152904,0.8769384,0.9663461,0.8946387,0.91861016,0.9009692,0.89564896,0.9322311,0.8246921,0.8290081,0.8576314,0.92089343,0.76636016,0.9137517,0.8559001,0.9290172,0.9518297,0.927177,0.9036291,0.7402299,0.90060776,0.9347097,0.8052207,0.9488311,0.9383847,0.93683684,0.9059155,0.92237633,0.94027036,0.80382824,0.61428267,0.7796124,0.77584237,0.9025599,0.8086867,0.9286286,0.9559368,0.96907955,0.8425351,0.81340444,0.91905284,0.85230833,0.9091936,0.93855286,0.80208397,0.93733084,0.9606391,0.85290563,0.9482681,0.8095593,0.96425736,0.8983672,0.9566532,0.928298,0.81009185,0.9692525,0.7999211,0.88458204,0.8965564,0.95364684,0.8644615,0.7672394,0.9334703,0.8450964,0.9729632,0.8624367,0.9525987,0.8822063,0.89205015,0.94056636,0.94908094,0.9365511,0.9232942,0.96938634,0.8419053,0.91544944,0.96664566,0.952684,0.94400954,0.89748025,0.9731163,0.8457841,0.9735083,0.9318487,0.9301388,0.91035444,0.95456994,0.9385542,0.9654877,0.8027764,0.5901944,0.6375594,0.82646734,0.83702207,0.8653998,0.9626257,0.94294536,0.9229547,0.8086543,0.91858274,0.79606855,0.7809448,0.8828087,0.7830293,0.87918484,0.9503051,0.91378474,0.96194273,0.8809614,0.9602815,0.79530394,0.84517133,0.8447113,0.684472,0.9407835,0.9596404,0.73409843,0.86935055,0.904346,0.96510375,0.88554424,0.95550704,0.682136,0.97316617,0.9342466,0.96650404,0.93700117,0.53866804,0.8586644,0.79528886,0.8929316,0.9480482,0.85074586,0.8722646,0.9528897,0.94886845,0.89583385,0.84918463,0.90501666,0.91690856,0.8643182,0.91550654,0.9583899,0.6949429,0.96541625,0.9474227,0.81604916,0.9628837,0.89017993,0.949187,0.9641141,0.8931912,0.92782474,0.22410667,0.93714374,0.90955704,0.94087577,0.75394195,0.96421677,0.91517746,0.95858824,0.93876845,0.8613764,0.85792094,0.9606022,0.88659084,0.9499177,0.9303357,0.90983593,0.91852885,0.8138333,0.87994766,0.9419808,0.59143245,0.7314923,0.49282187,0.9622472,0.6516275,0.91829056,0.8613078
X-4676,0.8452247,0.72817487,0.91966337,0.8820619,0.6428226,0.9323341,0.7899603,0.8296875,0.94723815,0.93833226,0.8938818,0.61793774,0.9458455,0.9365655,0.80172133,0.34903035,0.93505985,0.8535751,0.9303706,0.84721357,0.9318468,0.84619915,0.9585322,0.87872183,0.8907864,0.88495106,0.87059456,0.9159296,0.81377643,0.8110156,0.843576,0.89540464,0.7647446,0.88033354,0.8500323,0.93551224,0.94230276,0.9089367,0.8769431,0.611508,0.87849164,0.92028946,0.8063115,0.9436497,0.92741346,0.9262996,0.8960688,0.92991287,0.9275499,0.764764,0.5089249,0.7403685,0.7472703,0.87274456,0.81570387,0.91108257,0.95367736,0.9631893,0.8177872,0.71751624,0.90620357,0.79748106,0.8918278,0.9310341,0.77691704,0.9203651,0.9483615,0.8262477,0.93651336,0.8035893,0.96398234,0.87927717,0.9400038,0.92849857,0.7649014,0.9589202,0.7234606,0.8902989,0.867984,0.944208,0.88163495,0.7041295,0.9389948,0.8174316,0.9637695,0.8232965,0.9438223,0.84666806,0.855258,0.9345674,0.9442576,0.92809695,0.91413665,0.9564179,0.7884729,0.9041533,0.9600455,0.9456216,0.94470423,0.89085615,0.9614746,0.8248085,0.9620967,0.9209908,0.90309596,0.90216744,0.9509219,0.92889297,0.96110624,0.7424612,0.57191634,0.4766458,0.82956356,0.81294066,0.85753083,0.9562991,0.92954206,0.8908033,0.7835047,0.9137969,0.7454472,0.74881184,0.8504369,0.7634248,0.868033,0.9353079,0.8942131,0.9578584,0.86512905,0.94985104,0.7300247,0.8099623,0.78818756,0.61755484,0.9089692,0.95178586,0.5713407,0.83853555,0.8892047,0.9551166,0.8715254,0.9440246,0.63405484,0.950705,0.92394453,0.95233136,0.90826505,0.5278991,0.83951885,0.7809723,0.8893283,0.94045734,0.8064911,0.848225,0.94331396,0.9472479,0.8420583,0.8217729,0.8849546,0.90264726,0.833637,0.9024277,0.9577214,0.71137726,0.95176905,0.92822266,0.7593919,0.9511012,0.8827202,0.93540055,0.9490731,0.87334114,0.9134192,0.20253645,0.91486114,0.8935423,0.92840236,0.6919699,0.95392436,0.9000291,0.953572,0.9200953,0.74607974,0.8184008,0.9510469,0.8663492,0.94036084,0.92142314,0.88353956,0.9185025,0.7977465,0.85628045,0.9305428,0.537369,0.6075767,0.46027815,0.9520528,0.56688565,0.8991537,0.8407201
X-4927,0.8778745,0.81839305,0.93219,0.90068215,0.72408074,0.94255996,0.8398242,0.8646059,0.9591725,0.9606431,0.91380775,0.68653333,0.9621686,0.95125616,0.81875473,0.45268884,0.9527717,0.87547517,0.95127195,0.8649495,0.94783026,0.88223606,0.9627443,0.8921633,0.9209231,0.8942533,0.8977278,0.9422254,0.8292728,0.8262569,0.86345655,0.91179913,0.7555272,0.91755474,0.8668958,0.93663067,0.9542047,0.9274483,0.918459,0.7815901,0.89493287,0.9402763,0.8342403,0.95146954,0.9457659,0.93655044,0.9111121,0.9340756,0.9451756,0.81016403,0.63818794,0.7773558,0.7909054,0.9108825,0.7793263,0.9300565,0.9626948,0.96406126,0.8326379,0.77146846,0.9274003,0.8324019,0.90534407,0.94680023,0.8186638,0.9454276,0.95990986,0.8649394,0.9493965,0.80740464,0.971325,0.9015803,0.9563998,0.93992615,0.82543385,0.97268677,0.78731376,0.89362043,0.9030599,0.95881224,0.8793835,0.7590152,0.93161774,0.8266517,0.9713035,0.87503123,0.95726913,0.8870039,0.8875311,0.94425553,0.95240444,0.9390653,0.9271863,0.9708717,0.81840175,0.9321969,0.96853757,0.9576316,0.9514785,0.9025435,0.97153884,0.8596097,0.9783212,0.93813723,0.93540996,0.9080181,0.94625777,0.9438313,0.9663912,0.8065758,0.62161034,0.60272956,0.8227732,0.8493109,0.8817847,0.9689848,0.945173,0.9195799,0.8277051,0.92451394,0.8027028,0.78851515,0.8995053,0.7987068,0.89590156,0.95218766,0.91757554,0.96534103,0.8864191,0.9632357,0.7532579,0.8439549,0.8097717,0.6777719,0.9443849,0.96489537,0.6934477,0.87638974,0.9112868,0.9645984,0.8995733,0.95955783,0.7027354,0.96720874,0.9390355,0.9570419,0.92811674,0.566066,0.85903364,0.80133873,0.8932651,0.95250493,0.8635022,0.8850221,0.9508114,0.9521742,0.89357245,0.835745,0.9013515,0.91650283,0.86028224,0.90040374,0.9614528,0.6475571,0.9702326,0.9457866,0.809359,0.96493274,0.8900527,0.9523502,0.96514446,0.89673567,0.9346219,0.21777911,0.9421947,0.9085861,0.94314986,0.71114403,0.9633155,0.9180617,0.95769423,0.9331097,0.8299481,0.85388654,0.963186,0.8967431,0.94460696,0.93335515,0.8932292,0.92816967,0.8117802,0.917847,0.94886595,0.54713905,0.70937985,0.4736,0.9667828,0.67101324,0.9171181,0.8622061
X-5205,0.7689439,0.68846935,0.89903104,0.7829541,0.7488485,0.96453303,0.58094156,0.77975297,0.9396706,0.935909,0.90095574,0.67118436,0.95714796,0.95005643,0.8660707,0.30606604,0.9361884,0.84910315,0.94576806,0.7572741,0.9272801,0.85798717,0.9679973,0.8395512,0.793351,0.84967756,0.8786453,0.91977763,0.85975796,0.8468479,0.8576521,0.9444864,0.7791565,0.93509746,0.9226906,0.92321944,0.95079124,0.9320822,0.8655667,0.2546851,0.8317262,0.9095683,0.8385419,0.955075,0.88674635,0.9313695,0.87558156,0.96136856,0.91596276,0.6799668,0.4710966,0.64572066,0.808694,0.863448,0.8781898,0.93428844,0.9642286,0.9742926,0.77243865,0.49156788,0.90127397,0.75100523,0.8014485,0.9486676,0.90498304,0.9395488,0.95625275,0.81882435,0.9531804,0.8526261,0.96978486,0.9205214,0.95736915,0.92886335,0.75983185,0.96923244,0.6029012,0.9460366,0.86552364,0.95704204,0.90210384,0.72517425,0.9170196,0.88063604,0.973313,0.93043697,0.967535,0.8796426,0.80911976,0.96261984,0.9377641,0.91106755,0.9084556,0.96958256,0.81038845,0.93730253,0.96526366,0.9499226,0.9564566,0.8974016,0.9558877,0.8024623,0.97045356,0.95247954,0.9328932,0.9166302,0.9560956,0.9532314,0.9765242,0.68525726,0.43548524,0.36966726,0.7760384,0.8540681,0.9142517,0.9617695,0.94516814,0.82084745,0.80004966,0.92042845,0.7566648,0.79105705,0.91793334,0.6639363,0.8237416,0.96628964,0.94399023,0.958998,0.92748886,0.9711537,0.696642,0.71659255,0.6842253,0.5990484,0.8655922,0.95808667,0.40247336,0.79991424,0.9012814,0.96886706,0.8572419,0.9621002,0.40757796,0.97641444,0.9500709,0.9718147,0.89987487,0.5129308,0.8629085,0.7786394,0.91247755,0.88803893,0.5588393,0.8565686,0.9562396,0.96115994,0.8991996,0.7919852,0.9256269,0.9346611,0.84824264,0.92285657,0.95820814,0.7648221,0.96857387,0.94785553,0.6555003,0.96600246,0.84131026,0.9423074,0.94274455,0.8836275,0.94611824,0.15865983,0.93625724,0.7854875,0.958688,0.7024922,0.9698253,0.9135267,0.9657305,0.92556465,0.72700894,0.88016,0.9707984,0.89756626,0.9596159,0.926544,0.90410393,0.9327642,0.6427754,0.7964794,0.9484238,0.5819451,0.58437675,0.64849126,0.96765155,0.77417135,0.8520152,0.82657903
